{
    "dataset_info": {
        "dataset_name": "ETTm1",
        "features": "S",
        "input_len": 96,
        "pred_len": 720,
        "eval_batch_size": 256
    },
    "metrics": {
        "mse_per_batch": [
            0.08235985785722733,
            0.11780008673667908,
            0.10567587614059448,
            0.12950532138347626,
            0.08887514472007751,
            0.06475058197975159,
            0.0762152150273323,
            0.22424498200416565,
            0.24779896438121796,
            0.11798256635665894,
            0.06747845560312271,
            0.06402649730443954,
            0.1010357141494751,
            0.10648348182439804,
            0.045569535344839096,
            0.050400909036397934,
            0.07226439565420151,
            0.08354426175355911,
            0.10256703943014145,
            0.0996529683470726,
            0.05053434520959854,
            0.039713386446237564,
            0.06752210855484009,
            0.039715275168418884,
            0.20284199714660645,
            0.20863178372383118,
            0.19391407072544098,
            0.12327200919389725,
            0.12758567929267883,
            0.0615326464176178,
            0.10024143010377884,
            0.04648459330201149,
            0.19983261823654175,
            0.35556548833847046,
            0.16449962556362152,
            0.17081546783447266,
            0.08367837220430374,
            0.03376353532075882,
            0.052432432770729065,
            0.04137330502271652,
            0.05654992535710335,
            0.05913962423801422
        ],
        "mae_per_batch": [
            0.2307133972644806,
            0.27607616782188416,
            0.26316916942596436,
            0.2889988124370575,
            0.24362939596176147,
            0.20032480359077454,
            0.22180001437664032,
            0.37708279490470886,
            0.4200071692466736,
            0.2894173860549927,
            0.21507297456264496,
            0.20787449181079865,
            0.2597719132900238,
            0.26781800389289856,
            0.17270305752754211,
            0.18017296493053436,
            0.21472588181495667,
            0.23777475953102112,
            0.26201730966567993,
            0.2599281072616577,
            0.17532451450824738,
            0.1504395753145218,
            0.20725515484809875,
            0.1596865952014923,
            0.34076231718063354,
            0.3608066141605377,
            0.36834707856178284,
            0.282489150762558,
            0.2963273823261261,
            0.19710461795330048,
            0.271968275308609,
            0.16994449496269226,
            0.3255408704280853,
            0.5106432437896729,
            0.3304920494556427,
            0.35025838017463684,
            0.2399074137210846,
            0.1480892449617386,
            0.1827368587255478,
            0.16086935997009277,
            0.18917202949523926,
            0.18508711457252502
        ],
        "average_mse": 0.10780646607634567,
        "average_mae": 0.2545793074227515,
        "std_mse": 0.06785004565058057,
        "std_mae": 0.07892091096309285,
        "rmse": 0.32833894998361934,
        "correlation": 0.618888126887748,
        "r_squared": 0.38302251360262524,
        "mape": 18.86058807373047
    },
    "summary": {
        "successful_batches": 42,
        "failed_batches": 0,
        "total_predictions": 7741440
    }
}