{
    "dataset_info": {
        "dataset_name": "ETTm1",
        "features": "S",
        "input_len": 96,
        "pred_len": 192,
        "eval_batch_size": 256
    },
    "metrics": {
        "mse_per_batch": [
            0.05917782709002495,
            0.09559018164873123,
            0.09087934345006943,
            0.11758754402399063,
            0.09427332878112793,
            0.04838846996426582,
            0.06053080037236214,
            0.03920606151223183,
            0.08217843621969223,
            0.08312958478927612,
            0.020511308684945107,
            0.02448682300746441,
            0.08491513133049011,
            0.09360367804765701,
            0.03810952603816986,
            0.04246675595641136,
            0.04513774439692497,
            0.04762961342930794,
            0.09243916720151901,
            0.03653823211789131,
            0.022211769595742226,
            0.0307344738394022,
            0.06390490382909775,
            0.03718448057770729,
            0.07846039533615112,
            0.027772441506385803,
            0.20800907909870148,
            0.08953972905874252,
            0.05584951862692833,
            0.020685598254203796,
            0.08330609649419785,
            0.0409310944378376,
            0.02446814440190792,
            0.04205204173922539,
            0.11364521831274033,
            0.04316322132945061,
            0.03422923386096954,
            0.04392598941922188,
            0.039011839777231216,
            0.02977246604859829,
            0.04965788498520851,
            0.05613100528717041,
            0.07843368500471115,
            0.03191295638680458
        ],
        "mae_per_batch": [
            0.19647426903247833,
            0.2410082072019577,
            0.24059359729290009,
            0.27385249733924866,
            0.2498456984758377,
            0.17120330035686493,
            0.198891282081604,
            0.1568298190832138,
            0.21692168712615967,
            0.22004111111164093,
            0.1155037060379982,
            0.1271904855966568,
            0.23124416172504425,
            0.23666727542877197,
            0.1536199450492859,
            0.16728323698043823,
            0.170211061835289,
            0.17657184600830078,
            0.23382645845413208,
            0.1485811322927475,
            0.11968826502561569,
            0.12685899436473846,
            0.20231111347675323,
            0.15184183418750763,
            0.2352573424577713,
            0.11704177409410477,
            0.3545650541782379,
            0.2343335896730423,
            0.1845710277557373,
            0.11503195017576218,
            0.22368432581424713,
            0.16060304641723633,
            0.1278463751077652,
            0.15096263587474823,
            0.2742479741573334,
            0.16587017476558685,
            0.14741499722003937,
            0.1657504290342331,
            0.16195620596408844,
            0.13998673856258392,
            0.18203282356262207,
            0.1781725436449051,
            0.22925473749637604,
            0.14398477971553802
        ],
        "average_mse": 0.06004029148342935,
        "average_mae": 0.18680976161902602,
        "std_mse": 0.034824799434779896,
        "std_mae": 0.05116207147996664,
        "rmse": 0.24503120512177495,
        "correlation": 0.7885425558802215,
        "r_squared": 0.6217993624341123,
        "mape": 14.791350364685059
    },
    "summary": {
        "successful_batches": 44,
        "failed_batches": 0,
        "total_predictions": 2162688
    }
}