{
    "dataset_info": {
        "dataset_name": "ETTh1",
        "features": "S",
        "input_len": 96,
        "pred_len": 96,
        "eval_batch_size": 32
    },
    "metrics": {
        "mse_per_batch": [
            0.06872376054525375,
            0.07715176045894623,
            0.13193532824516296,
            0.11277345567941666,
            0.08758034557104111,
            0.09564527124166489,
            0.129551962018013,
            0.17035134136676788,
            0.08486735820770264,
            0.10818371921777725,
            0.06426448374986649,
            0.07634337246417999,
            0.057543814182281494,
            0.05121004581451416,
            0.053549010306596756,
            0.07213222235441208,
            0.26330795884132385,
            0.2120119333267212,
            0.12410210818052292,
            0.039656203240156174,
            0.034538477659225464,
            0.035696011036634445,
            0.03971060737967491,
            0.04218306019902229,
            0.04877470061182976,
            0.10452339053153992,
            0.17059798538684845,
            0.06146080419421196,
            0.05579225346446037,
            0.04282228276133537,
            0.048683445900678635,
            0.034823354333639145,
            0.029359668493270874,
            0.04606093466281891,
            0.0663990005850792,
            0.1077231839299202,
            0.20247666537761688,
            0.030051959678530693,
            0.06586598604917526,
            0.02742946147918701,
            0.031308364123106,
            0.030754560604691505,
            0.04102994501590729,
            0.0433366596698761,
            0.0642356351017952,
            0.05629519000649452,
            0.03279156610369682,
            0.04329514876008034,
            0.07027142494916916,
            0.07230739295482635,
            0.06536123156547546,
            0.18306410312652588,
            0.2785238027572632,
            0.17611901462078094,
            0.08900048583745956,
            0.04567303881049156,
            0.06612199544906616,
            0.08715256303548813,
            0.01963859610259533,
            0.04090191796422005,
            0.08574458956718445,
            0.11403250694274902,
            0.033586349338293076,
            0.03920417279005051,
            0.017550868913531303,
            0.029606960713863373,
            0.10224751383066177,
            0.2807518541812897,
            0.3156707286834717,
            0.07290209829807281,
            0.04360334202647209,
            0.08614295721054077,
            0.08025480061769485,
            0.0461132638156414,
            0.030582845211029053,
            0.03603513911366463,
            0.03892054036259651,
            0.029043465852737427,
            0.022017858922481537,
            0.04608266428112984,
            0.029330892488360405,
            0.057177308946847916,
            0.05830509960651398,
            0.08902425318956375,
            0.06443861871957779,
            0.10273611545562744,
            0.04939696565270424
        ],
        "mae_per_batch": [
            0.21212448179721832,
            0.21827371418476105,
            0.2931012213230133,
            0.27804267406463623,
            0.23522043228149414,
            0.25238922238349915,
            0.2883853018283844,
            0.3465687334537506,
            0.24000044167041779,
            0.2784668207168579,
            0.19972078502178192,
            0.22920484840869904,
            0.1956140398979187,
            0.18950007855892181,
            0.1924426555633545,
            0.21016918122768402,
            0.41576576232910156,
            0.3881716728210449,
            0.29506513476371765,
            0.16323895752429962,
            0.15225020051002502,
            0.15511812269687653,
            0.16138291358947754,
            0.16402354836463928,
            0.17147178947925568,
            0.2626376748085022,
            0.36911848187446594,
            0.19423675537109375,
            0.1921381950378418,
            0.16797269880771637,
            0.17834019660949707,
            0.1491536647081375,
            0.13564550876617432,
            0.1627846360206604,
            0.21195776760578156,
            0.27522769570350647,
            0.3887379467487335,
            0.13693039119243622,
            0.2128918319940567,
            0.1333453506231308,
            0.14751742780208588,
            0.13697023689746857,
            0.1459416300058365,
            0.15634451806545258,
            0.19753968715667725,
            0.18738095462322235,
            0.14248251914978027,
            0.17518649995326996,
            0.20943482220172882,
            0.23144465684890747,
            0.19693131744861603,
            0.2996039092540741,
            0.44356438517570496,
            0.33196938037872314,
            0.24886663258075714,
            0.17663072049617767,
            0.21246178448200226,
            0.2555027902126312,
            0.11120060086250305,
            0.15781670808792114,
            0.23518836498260498,
            0.28840458393096924,
            0.14941394329071045,
            0.16328363120555878,
            0.10663142055273056,
            0.12981842458248138,
            0.23607361316680908,
            0.43160954117774963,
            0.5075245499610901,
            0.2209485024213791,
            0.17491309344768524,
            0.23910267651081085,
            0.2457442283630371,
            0.17252866923809052,
            0.13951422274112701,
            0.1463688313961029,
            0.15882638096809387,
            0.1392373889684677,
            0.12237802147865295,
            0.17240490019321442,
            0.13612323999404907,
            0.19502012431621552,
            0.18759407103061676,
            0.23220615088939667,
            0.21245908737182617,
            0.2624236047267914,
            0.17614954710006714
        ],
        "average_mse": 0.0794660356323952,
        "average_mae": 0.21659210949451074,
        "std_mse": 0.06131917376536182,
        "std_mae": 0.07989705848659139,
        "rmse": 0.28189720756402536,
        "correlation": 0.7118034715062262,
        "r_squared": 0.5066641820483151,
        "mape": 16.72960090637207
    },
    "summary": {
        "successful_batches": 87,
        "failed_batches": 0,
        "total_predictions": 267264
    }
}