{
    "dataset_info": {
        "dataset_name": "ETTh1",
        "features": "S",
        "input_len": 256,
        "pred_len": 720,
        "eval_batch_size": 32
    },
    "metrics": {
        "mse_per_batch": [
            0.13784120976924896,
            0.18863224983215332,
            0.3069141209125519,
            0.23219087719917297,
            0.1287771612405777,
            0.1158437728881836,
            0.30057352781295776,
            0.37530454993247986,
            0.1336008608341217,
            0.11417397111654282,
            0.30115029215812683,
            0.3050658404827118,
            0.20543408393859863,
            0.1500447690486908,
            0.23053953051567078,
            0.31954225897789,
            0.3993055522441864,
            0.1899341195821762,
            0.1381842941045761,
            0.0612625926733017,
            0.050602469593286514,
            0.05487946420907974,
            0.07618574798107147,
            0.10595723986625671,
            0.13558417558670044,
            0.11539608985185623,
            0.18230853974819183,
            0.07269560545682907,
            0.0537562258541584,
            0.056494276970624924,
            0.07467679679393768,
            0.059834808111190796,
            0.07611584663391113,
            0.0928206741809845,
            0.09050749987363815,
            0.11432529985904694,
            0.16130970418453217,
            0.09544628858566284,
            0.13725212216377258,
            0.07527384161949158,
            0.08127734065055847,
            0.09116505831480026,
            0.0863056406378746,
            0.1095159500837326,
            0.171929270029068,
            0.134159654378891,
            0.09778924286365509,
            0.1160687729716301,
            0.10733501613140106,
            0.2692472040653229,
            0.213035449385643,
            0.15530502796173096,
            0.15251341462135315,
            0.1499045193195343,
            0.178242027759552,
            0.09937728941440582,
            0.14509105682373047,
            0.14534351229667664,
            0.08656825870275497,
            0.08777447044849396,
            0.09129536151885986,
            0.1022585853934288,
            0.19631622731685638,
            0.1537657380104065,
            0.1468895822763443,
            0.17027108371257782,
            0.17367242276668549
        ],
        "mae_per_batch": [
            0.29247918725013733,
            0.34520578384399414,
            0.4614916443824768,
            0.3919784128665924,
            0.2882401645183563,
            0.2753329873085022,
            0.4505966603755951,
            0.5293809771537781,
            0.2996944785118103,
            0.2799617052078247,
            0.47279027104377747,
            0.4821738004684448,
            0.3791203498840332,
            0.3279007077217102,
            0.40878432989120483,
            0.502907395362854,
            0.5801054835319519,
            0.36606353521347046,
            0.30903762578964233,
            0.1981545388698578,
            0.1794152408838272,
            0.1878090798854828,
            0.22372955083847046,
            0.26844072341918945,
            0.31696799397468567,
            0.2710041105747223,
            0.379422664642334,
            0.20934011042118073,
            0.1865433156490326,
            0.1864713877439499,
            0.21756280958652496,
            0.19126640260219574,
            0.20454177260398865,
            0.2277146279811859,
            0.23440487682819366,
            0.25784826278686523,
            0.3186115622520447,
            0.2554740607738495,
            0.313651978969574,
            0.21569235622882843,
            0.22248725593090057,
            0.23041494190692902,
            0.22197531163692474,
            0.2491110861301422,
            0.32160884141921997,
            0.2818158268928528,
            0.23919294774532318,
            0.2579464614391327,
            0.2616282105445862,
            0.41610127687454224,
            0.3653697669506073,
            0.3101327121257782,
            0.31357237696647644,
            0.3177441656589508,
            0.35581767559051514,
            0.2576812207698822,
            0.31961745023727417,
            0.3215547204017639,
            0.23460473120212555,
            0.23400677740573883,
            0.24464832246303558,
            0.2579043209552765,
            0.3546779453754425,
            0.30688202381134033,
            0.29723453521728516,
            0.32932746410369873,
            0.33806106448173523
        ],
        "average_mse": 0.148181425824539,
        "average_mae": 0.3037079457026809,
        "std_mse": 0.07860771542997204,
        "std_mae": 0.08832935338270388,
        "rmse": 0.38494340600215377,
        "correlation": 0.47310922687502505,
        "r_squared": 0.22383234055428392,
        "mape": 20.85171127319336
    },
    "summary": {
        "successful_batches": 67,
        "failed_batches": 0,
        "total_predictions": 1543680
    }
}