{
    "dataset_info": {
        "dataset_name": "ETTh1",
        "features": "S",
        "input_len": 192,
        "pred_len": 192,
        "eval_batch_size": 32
    },
    "metrics": {
        "mse_per_batch": [
            0.07499002665281296,
            0.08142745494842529,
            0.1229073777794838,
            0.11713673919439316,
            0.10328880697488785,
            0.08517088741064072,
            0.11687927693128586,
            0.1394272744655609,
            0.062397126108407974,
            0.07080855220556259,
            0.06517297774553299,
            0.06164994463324547,
            0.0646970123052597,
            0.09842094033956528,
            0.18915708363056183,
            0.2751641869544983,
            0.3350391685962677,
            0.14467480778694153,
            0.10540467500686646,
            0.054943155497312546,
            0.059560518711805344,
            0.0589420460164547,
            0.05551101267337799,
            0.07816866785287857,
            0.08974030613899231,
            0.09350448101758957,
            0.15011580288410187,
            0.053855787962675095,
            0.04528234899044037,
            0.04127626121044159,
            0.05550432205200195,
            0.04694441333413124,
            0.060844019055366516,
            0.07923350483179092,
            0.06388427317142487,
            0.09500280767679214,
            0.13606688380241394,
            0.05390595272183418,
            0.13817231357097626,
            0.0706731379032135,
            0.05929427221417427,
            0.04311400651931763,
            0.03587997332215309,
            0.03905226290225983,
            0.06606674194335938,
            0.05637317895889282,
            0.0426955409348011,
            0.042277246713638306,
            0.12167269736528397,
            0.2859676778316498,
            0.23949451744556427,
            0.18766610324382782,
            0.20881062746047974,
            0.1336434930562973,
            0.09880971908569336,
            0.039032746106386185,
            0.10756424069404602,
            0.1645621806383133,
            0.07540780305862427,
            0.061480727046728134,
            0.1004641056060791,
            0.11653045564889908,
            0.030202290043234825,
            0.07233309745788574,
            0.15711207687854767,
            0.2804799973964691,
            0.36790144443511963,
            0.31271958351135254,
            0.23705033957958221,
            0.06107717379927635,
            0.10890668630599976,
            0.14867381751537323,
            0.12270152568817139,
            0.05367857590317726,
            0.03520973026752472,
            0.0267910435795784,
            0.07207798212766647,
            0.04395969584584236,
            0.02583892084658146,
            0.06958062201738358,
            0.05227600410580635,
            0.058862511068582535,
            0.05016491934657097,
            0.06848654896020889
        ],
        "mae_per_batch": [
            0.22157837450504303,
            0.22897128760814667,
            0.28077933192253113,
            0.27642807364463806,
            0.26095178723335266,
            0.2410060167312622,
            0.26605772972106934,
            0.30803602933883667,
            0.20187926292419434,
            0.21977190673351288,
            0.20005355775356293,
            0.19831395149230957,
            0.2046041488647461,
            0.24577318131923676,
            0.343085378408432,
            0.43490517139434814,
            0.5183283686637878,
            0.3093436062335968,
            0.26451951265335083,
            0.1859845370054245,
            0.19976173341274261,
            0.20195259153842926,
            0.19617845118045807,
            0.23083002865314484,
            0.2492338865995407,
            0.2467464804649353,
            0.3407319486141205,
            0.18018609285354614,
            0.17227034270763397,
            0.1621955782175064,
            0.18802273273468018,
            0.1742618829011917,
            0.19864915311336517,
            0.22885745763778687,
            0.20176781713962555,
            0.2581450641155243,
            0.31119614839553833,
            0.1927221268415451,
            0.32143867015838623,
            0.21398739516735077,
            0.1940290927886963,
            0.16138619184494019,
            0.14109085500240326,
            0.15015476942062378,
            0.20546691119670868,
            0.1910691261291504,
            0.1625239998102188,
            0.16095690429210663,
            0.27149978280067444,
            0.4238193929195404,
            0.38610729575157166,
            0.35228660702705383,
            0.3883509337902069,
            0.28945615887641907,
            0.2666686475276947,
            0.15994346141815186,
            0.27058732509613037,
            0.34275928139686584,
            0.21795141696929932,
            0.20011866092681885,
            0.26946714520454407,
            0.30069711804389954,
            0.13654972612857819,
            0.21119745075702667,
            0.2824024558067322,
            0.41002997756004333,
            0.5083739757537842,
            0.4950294494628906,
            0.41851672530174255,
            0.20415914058685303,
            0.27505382895469666,
            0.3290026783943176,
            0.3083604574203491,
            0.19203777611255646,
            0.15369047224521637,
            0.13095152378082275,
            0.22005365788936615,
            0.1677950620651245,
            0.13082878291606903,
            0.21097783744335175,
            0.17708872258663177,
            0.20017307996749878,
            0.16926364600658417,
            0.19929401576519012
        ],
        "average_mse": 0.10329632430026929,
        "average_mae": 0.2490086704492569,
        "std_mse": 0.07376183663455661,
        "std_mae": 0.08708376785732148,
        "rmse": 0.3213974553419322,
        "correlation": 0.6214049216259958,
        "r_squared": 0.38614407662100997,
        "mape": 18.431217193603516
    },
    "summary": {
        "successful_batches": 84,
        "failed_batches": 0,
        "total_predictions": 516096
    }
}