{
    "dataset_info": {
        "dataset_name": "ETTm1",
        "features": "S",
        "input_len": 96,
        "pred_len": 96,
        "eval_batch_size": 64
    },
    "metrics": {
        "mse_per_batch": [
            0.047332942485809326,
            0.06723786145448685,
            0.04444094002246857,
            0.04488145187497139,
            0.05136122927069664,
            0.049471452832221985,
            0.07035665959119797,
            0.0739910751581192,
            0.0885763168334961,
            0.09889564663171768,
            0.021850088611245155,
            0.09138739109039307,
            0.07011409848928452,
            0.04728245735168457,
            0.04444040358066559,
            0.12805186212062836,
            0.04645635560154915,
            0.05941830575466156,
            0.05098507180809975,
            0.11608290672302246,
            0.040235817432403564,
            0.013003296218812466,
            0.026617346331477165,
            0.07832667976617813,
            0.08283758163452148,
            0.02899564616382122,
            0.039988141506910324,
            0.0326097272336483,
            0.060719043016433716,
            0.03726503998041153,
            0.03349315747618675,
            0.02834676206111908,
            0.0065865651704370975,
            0.047898758202791214,
            0.0402461476624012,
            0.007103677373379469,
            0.1726645976305008,
            0.10589864104986191,
            0.014774966053664684,
            0.008173428475856781,
            0.026518017053604126,
            0.009477920830249786,
            0.012687195092439651,
            0.010957679711282253,
            0.019168583676218987,
            0.01866939477622509,
            0.027213796973228455,
            0.015310578979551792,
            0.007812431547790766,
            0.036176394671201706,
            0.14082132279872894,
            0.08486858010292053,
            0.019755804911255836,
            0.09100773185491562,
            0.06177994981408119,
            0.01629806123673916,
            0.00494745559990406,
            0.013356502167880535,
            0.039019644260406494,
            0.023633746430277824,
            0.02832072414457798,
            0.031057648360729218,
            0.04385068640112877,
            0.017118899151682854,
            0.02791212499141693,
            0.012184147723019123,
            0.04362122714519501,
            0.04750879108905792,
            0.029502009972929955,
            0.05276506766676903,
            0.024772480130195618,
            0.023095719516277313,
            0.1254727989435196,
            0.0888126865029335,
            0.020197303965687752,
            0.024342423304915428,
            0.05272851511836052,
            0.029777245596051216,
            0.011438265442848206,
            0.010296204127371311,
            0.015322156250476837,
            0.03254907205700874,
            0.022269735112786293,
            0.01703103631734848,
            0.01155414804816246,
            0.007477694656699896,
            0.018838798627257347,
            0.042254913598299026,
            0.050050634890794754,
            0.04234040901064873,
            0.08193432539701462,
            0.03937239199876785,
            0.026794010773301125,
            0.027286214753985405,
            0.013377051800489426,
            0.06013655290007591,
            0.031170019879937172,
            0.02750908024609089,
            0.02890305034816265,
            0.04415726661682129,
            0.08382711559534073,
            0.007823859341442585,
            0.0014752267161384225,
            0.006326321046799421,
            0.029183438047766685,
            0.09650188684463501,
            0.20542682707309723,
            0.04404672980308533,
            0.038505587726831436,
            0.10789407044649124,
            0.04376199468970299,
            0.025375785306096077,
            0.04342052340507507,
            0.00799042358994484,
            0.026220425963401794,
            0.08334124088287354,
            0.02547548897564411,
            0.013478133827447891,
            0.013499091379344463,
            0.027120180428028107,
            0.03477753698825836,
            0.014450549148023129,
            0.05791037157177925,
            0.08504482358694077,
            0.02217685431241989,
            0.04274767264723778,
            0.08101530373096466,
            0.03726860508322716,
            0.0253993421792984,
            0.008936122991144657,
            0.023132197558879852,
            0.012591536156833172,
            0.0070528388023376465,
            0.024659357964992523,
            0.03492411598563194,
            0.027858033776283264,
            0.05491536855697632,
            0.05296851322054863,
            0.04807506874203682,
            0.01780249923467636,
            0.028345473110675812,
            0.029638221487402916,
            0.049367647618055344,
            0.03762708231806755,
            0.02825670875608921,
            0.01713537611067295,
            0.014479476027190685,
            0.025435619056224823,
            0.00797330867499113,
            0.03064432553946972,
            0.04259577393531799,
            0.024393612518906593,
            0.0473877377808094,
            0.02939687669277191,
            0.032009150832891464,
            0.012645605020225048,
            0.01555806677788496,
            0.03641358017921448,
            0.02778555452823639,
            0.03877370432019234,
            0.02335655689239502,
            0.025777116417884827,
            0.057331185787916183,
            0.05905817076563835,
            0.015343097038567066,
            0.011162791401147842,
            0.012981847859919071,
            0.051683638244867325,
            0.044030699878931046,
            0.017122352495789528,
            0.13169191777706146,
            0.02146565355360508,
            0.027530215680599213,
            0.04264669492840767,
            0.026102224364876747,
            0.02474377304315567,
            0.03711952269077301,
            0.025412023067474365
        ],