{
    "dataset_info": {
        "dataset_name": "ETTh1",
        "features": "S",
        "input_len": 96,
        "pred_len": 192,
        "eval_batch_size": 32
    },
    "metrics": {
        "mse_per_batch": [
            0.07029057294130325,
            0.07846319675445557,
            0.12337100505828857,
            0.12011713534593582,
            0.11165446043014526,
            0.08545523881912231,
            0.11158356815576553,
            0.14376716315746307,
            0.05971835181117058,
            0.08382175117731094,
            0.06669914722442627,
            0.059705812484025955,
            0.06745532155036926,
            0.09675446152687073,
            0.1906988024711609,
            0.2686518728733063,
            0.33832988142967224,
            0.15859809517860413,
            0.11238876730203629,
            0.0910760685801506,
            0.08023190498352051,
            0.06683551520109177,
            0.055823829025030136,
            0.07815303653478622,
            0.08847744017839432,
            0.10395153611898422,
            0.14762522280216217,
            0.053986746817827225,
            0.04439198970794678,
            0.042251113802194595,
            0.05475340783596039,
            0.047588691115379333,
            0.06203022226691246,
            0.08484991639852524,
            0.06657048314809799,
            0.09143083542585373,
            0.14249347150325775,
            0.05314767733216286,
            0.13225822150707245,
            0.07370521873235703,
            0.06646843999624252,
            0.0481412410736084,
            0.03739186003804207,
            0.04242667928338051,
            0.06579668074846268,
            0.0532299280166626,
            0.04117501899600029,
            0.04104975238442421,
            0.12133190780878067,
            0.2912375032901764,
            0.23962879180908203,
            0.2039087861776352,
            0.20945870876312256,
            0.1472475677728653,
            0.1735222488641739,
            0.04632371664047241,
            0.1295621395111084,
            0.1677495390176773,
            0.07297729700803757,
            0.062024276703596115,
            0.0944497212767601,
            0.10968980938196182,
            0.036227475851774216,
            0.07320047169923782,
            0.16031014919281006,
            0.28815773129463196,
            0.3626105785369873,
            0.3195151686668396,
            0.23126380145549774,
            0.078040212392807,
            0.1779557466506958,
            0.1781238317489624,
            0.12907446920871735,
            0.05032360926270485,
            0.046927403658628464,
            0.03388318046927452,
            0.07064967602491379,
            0.03941347822546959,
            0.025833064690232277,
            0.072196364402771,
            0.05093162879347801,
            0.06018155440688133,
            0.04855809733271599,
            0.06735192984342575
        ],
        "mae_per_batch": [
            0.21497292816638947,
            0.2246115803718567,
            0.28125014901161194,
            0.2799515128135681,
            0.27139538526535034,
            0.24133045971393585,
            0.2610436975955963,
            0.3108953535556793,
            0.19637776911258698,
            0.23586134612560272,
            0.20218555629253387,
            0.19449859857559204,
            0.20863668620586395,
            0.24178381264209747,
            0.3446460962295532,
            0.429544597864151,
            0.5209662318229675,
            0.3289600908756256,
            0.27657777070999146,
            0.25105321407318115,
            0.23747777938842773,
            0.21618570387363434,
            0.1963406354188919,
            0.23198889195919037,
            0.24798208475112915,
            0.25846245884895325,
            0.3389236032962799,
            0.1819632649421692,
            0.1706417202949524,
            0.16487029194831848,
            0.18759788572788239,
            0.1757124662399292,
            0.19982045888900757,
            0.23633046448230743,
            0.20610588788986206,
            0.25299781560897827,
            0.3175522983074188,
            0.1906612366437912,
            0.3101765811443329,
            0.21917064487934113,
            0.20581702888011932,
            0.171513631939888,
            0.14736805856227875,
            0.15735283493995667,
            0.20376242697238922,
            0.18520145118236542,
            0.16179662942886353,
            0.15874479711055756,
            0.2707805633544922,
            0.42765939235687256,
            0.38764336705207825,
            0.37020936608314514,
            0.3900909125804901,
            0.31200921535491943,
            0.3676265776157379,
            0.17549075186252594,
            0.2997802197933197,
            0.3461717665195465,
            0.21405434608459473,
            0.2014295905828476,
            0.26096105575561523,
            0.29139819741249084,
            0.15122339129447937,
            0.2117854356765747,
            0.28609219193458557,
            0.41454505920410156,
            0.5042453408241272,
            0.5003119111061096,
            0.41008272767066956,
            0.2268623560667038,
            0.35994234681129456,
            0.3596195876598358,
            0.3151954114437103,
            0.18340212106704712,
            0.1798744797706604,
            0.14502619206905365,
            0.2156202346086502,
            0.1588325798511505,
            0.1293932944536209,
            0.2159513682126999,
            0.17629371583461761,
            0.20182491838932037,
            0.16773314774036407,
            0.19775889813899994
        ],
        "average_mse": 0.10803188563191465,
        "average_mae": 0.2556664750334762,
        "std_mse": 0.07473558210294712,
        "std_mae": 0.0882315719349865,
        "rmse": 0.32868204336701246,
        "correlation": 0.61636925709119,
        "r_squared": 0.3799110610871454,
        "mape": 18.84062957763672
    },
    "summary": {
        "successful_batches": 84,
        "failed_batches": 0,
        "total_predictions": 516096
    }
}