{
    "dataset_info": {
        "dataset_name": "ETTh1",
        "features": "S",
        "input_len": 192,
        "pred_len": 96,
        "eval_batch_size": 32
    },
    "metrics": {
        "mse_per_batch": [
            0.07732901722192764,
            0.08103738725185394,
            0.1354323774576187,
            0.11247038841247559,
            0.11282332986593246,
            0.09880969673395157,
            0.14066889882087708,
            0.1750190705060959,
            0.07847639173269272,
            0.09316476434469223,
            0.06161906197667122,
            0.08131667226552963,
            0.05136997997760773,
            0.062342461198568344,
            0.057892486453056335,
            0.07454477995634079,
            0.26017090678215027,
            0.18481306731700897,
            0.12398365139961243,
            0.02624959498643875,
            0.02610018290579319,
            0.03516511991620064,
            0.04136056825518608,
            0.04274270310997963,
            0.048312198370695114,
            0.10322118550539017,
            0.17296630144119263,
            0.06168375536799431,
            0.05964560806751251,
            0.04059281572699547,
            0.04948924854397774,
            0.03571110591292381,
            0.03361336514353752,
            0.047637492418289185,
            0.07058346271514893,
            0.10689380019903183,
            0.18666546046733856,
            0.029363617300987244,
            0.07373492419719696,
            0.027137532830238342,
            0.028366414830088615,
            0.032532867044210434,
            0.04349452257156372,
            0.0448022298514843,
            0.05773140862584114,
            0.05453422665596008,
            0.034386198967695236,
            0.04309174418449402,
            0.08447775989770889,
            0.06896775215864182,
            0.06440915912389755,
            0.17654412984848022,
            0.26931074261665344,
            0.16406020522117615,
            0.04565490409731865,
            0.04242253303527832,
            0.06436406821012497,
            0.0893864706158638,
            0.0249898973852396,
            0.04262584075331688,
            0.09436748176813126,
            0.12620125710964203,
            0.02871588058769703,
            0.04309942200779915,
            0.019381044432520866,
            0.032978709787130356,
            0.10014141350984573,
            0.26034727692604065,
            0.28550952672958374,
            0.0693889781832695,
            0.02977745793759823,
            0.08548668026924133,
            0.07912144064903259,
            0.05024147406220436,
            0.0280222836881876,
            0.029761143028736115,
            0.05514107272028923,
            0.03717707470059395,
            0.023457875475287437,
            0.05097009241580963,
            0.030154826119542122,
            0.0543798953294754,
            0.06444516032934189,
            0.10277211666107178,
            0.060148417949676514,
            0.10043392330408096,
            0.047522127628326416
        ],
        "mae_per_batch": [
            0.22575606405735016,
            0.22409559786319733,
            0.2961767017841339,
            0.27668848633766174,
            0.269133985042572,
            0.2572653591632843,
            0.29899993538856506,
            0.3521517217159271,
            0.23046480119228363,
            0.26017069816589355,
            0.19699257612228394,
            0.2367788553237915,
            0.18320344388484955,
            0.208051860332489,
            0.2012966126203537,
            0.2133112996816635,
            0.41359081864356995,
            0.3539166748523712,
            0.3022514283657074,
            0.12758859992027283,
            0.13050058484077454,
            0.1535515934228897,
            0.1643628627061844,
            0.16350819170475006,
            0.17201650142669678,
            0.2597070038318634,
            0.37047433853149414,
            0.19103245437145233,
            0.20002184808254242,
            0.16375678777694702,
            0.18014152348041534,
            0.1516355276107788,
            0.14764930307865143,
            0.1658095121383667,
            0.2176986187696457,
            0.2747964859008789,
            0.37255772948265076,
            0.13838796317577362,
            0.22846519947052002,
            0.13085821270942688,
            0.13918109238147736,
            0.1415334790945053,
            0.15032310783863068,
            0.15916524827480316,
            0.19072215259075165,
            0.18486040830612183,
            0.14741884171962738,
            0.17469769716262817,
            0.23297296464443207,
            0.22619016468524933,
            0.19971297681331635,
            0.2936624586582184,
            0.43556129932403564,
            0.3180174231529236,
            0.17087148129940033,
            0.17102348804473877,
            0.20943540334701538,
            0.25759872794151306,
            0.12883825600147247,
            0.1552855372428894,
            0.24838973581790924,
            0.3059748709201813,
            0.13761965930461884,
            0.1711014360189438,
            0.11422967910766602,
            0.14238370954990387,
            0.23440103232860565,
            0.41527214646339417,
            0.4773865044116974,
            0.21940220892429352,
            0.1409263163805008,
            0.24070434272289276,
            0.24386757612228394,
            0.1824527531862259,
            0.13333116471767426,
            0.13454635441303253,
            0.1920371651649475,
            0.15677189826965332,
            0.12581481039524078,
            0.18313592672348022,
            0.13573922216892242,
            0.19183756411075592,
            0.19628219306468964,
            0.25372499227523804,
            0.20515961945056915,
            0.2574652135372162,
            0.17137902975082397
        ],
        "average_mse": 0.07870633979381501,
        "average_mae": 0.21612904708960962,
        "std_mse": 0.058031443691123515,
        "std_mae": 0.07718401581310276,
        "rmse": 0.2805465020167156,
        "correlation": 0.7119543508094345,
        "r_squared": 0.5068789976364833,
        "mape": 16.8404541015625
    },
    "summary": {
        "successful_batches": 87,
        "failed_batches": 0,
        "total_predictions": 267264
    }
}