{
    "dataset_info": {
        "dataset_name": "ETTh1",
        "features": "S",
        "input_len": 96,
        "pred_len": 720,
        "eval_batch_size": 32
    },
    "metrics": {
        "mse_per_batch": [
            0.14521515369415283,
            0.19215677678585052,
            0.2969328463077545,
            0.24499660730361938,
            0.14151190221309662,
            0.1145753562450409,
            0.29475581645965576,
            0.38112542033195496,
            0.14366470277309418,
            0.11652908474206924,
            0.31564173102378845,
            0.31147506833076477,
            0.21001334488391876,
            0.15346550941467285,
            0.22920210659503937,
            0.31859296560287476,
            0.39981943368911743,
            0.1991998851299286,
            0.1332237273454666,
            0.06456480175256729,
            0.05611007660627365,
            0.053341928869485855,
            0.07189194858074188,
            0.10964751988649368,
            0.13383743166923523,
            0.12809887528419495,
            0.18549883365631104,
            0.07122742384672165,
            0.05348819121718407,
            0.0572250671684742,
            0.07651647180318832,
            0.06097937747836113,
            0.07768858969211578,
            0.09463837742805481,
            0.09088069200515747,
            0.11626479774713516,
            0.16931599378585815,
            0.0949515625834465,
            0.1357252299785614,
            0.07811844348907471,
            0.08340075612068176,
            0.09135672450065613,
            0.08576488494873047,
            0.11107474565505981,
            0.17129649221897125,
            0.13775654137134552,
            0.10452251136302948,
            0.11832510679960251,
            0.10761267691850662,
            0.27629217505455017,
            0.21660366654396057,
            0.15461143851280212,
            0.15342465043067932,
            0.17529729008674622,
            0.2889712154865265,
            0.10355257242918015,
            0.16240382194519043,
            0.15054889023303986,
            0.08883433043956757,
            0.08733123540878296,
            0.08691418915987015,
            0.0998334065079689,
            0.20564234256744385,
            0.16667987406253815,
            0.15169471502304077,
            0.17472173273563385,
            0.16802534461021423
        ],
        "mae_per_batch": [
            0.2983880639076233,
            0.3479287326335907,
            0.45379555225372314,
            0.40415051579475403,
            0.30227530002593994,
            0.27360373735427856,
            0.446513295173645,
            0.5337417125701904,
            0.31165191531181335,
            0.28292080760002136,
            0.4830872118473053,
            0.48821568489074707,
            0.38419485092163086,
            0.33147135376930237,
            0.4077813923358917,
            0.502352774143219,
            0.5807388424873352,
            0.3752422630786896,
            0.3055066764354706,
            0.20181138813495636,
            0.18850521743297577,
            0.18469761312007904,
            0.21617557108402252,
            0.27092424035072327,
            0.3146132230758667,
            0.2834409773349762,
            0.3833234906196594,
            0.20776672661304474,
            0.18542230129241943,
            0.18868988752365112,
            0.2228841930627823,
            0.19271795451641083,
            0.20765486359596252,
            0.23035690188407898,
            0.23494164645671844,
            0.25983360409736633,
            0.3272690176963806,
            0.2530289590358734,
            0.30766561627388,
            0.22094179689884186,
            0.22670435905456543,
            0.23259317874908447,
            0.22081150114536285,
            0.24983341991901398,
            0.3218720257282257,
            0.28383776545524597,
            0.2456408441066742,
            0.2603939473628998,
            0.26161468029022217,
            0.4232470691204071,
            0.3688851296901703,
            0.30943912267684937,
            0.31419214606285095,
            0.3438328802585602,
            0.4652663469314575,
            0.26370859146118164,
            0.34021511673927307,
            0.32775741815567017,
            0.23743705451488495,
            0.23295800387859344,
            0.23617248237133026,
            0.2529739737510681,
            0.36497068405151367,
            0.3179401457309723,
            0.3032788932323456,
            0.334532231092453,
            0.3320010304450989
        ],
        "average_mse": 0.15290451350051965,
        "average_mae": 0.30848262559122114,
        "std_mse": 0.08105015130395696,
        "std_mae": 0.09093271539234705,
        "rmse": 0.3910300672589253,
        "correlation": 0.46776953143764916,
        "r_squared": 0.21880833454139784,
        "mape": 21.14864730834961
    },
    "summary": {
        "successful_batches": 67,
        "failed_batches": 0,
        "total_predictions": 1543680
    }
}