{
    "dataset_info": {
        "dataset_name": "ETTh1",
        "features": "S",
        "input_len": 512,
        "pred_len": 96,
        "eval_batch_size": 32
    },
    "metrics": {
        "mse_per_batch": [
            0.07601911574602127,
            0.08418461680412292,
            0.141964390873909,
            0.11832457780838013,
            0.12142881751060486,
            0.104248046875,
            0.1334434300661087,
            0.17354626953601837,
            0.08661478012800217,
            0.10856688022613525,
            0.06602811813354492,
            0.07760404050350189,
            0.054834287613630295,
            0.061515096575021744,
            0.054656367748975754,
            0.07255374640226364,
            0.25693532824516296,
            0.19509665668010712,
            0.1315968930721283,
            0.03548460826277733,
            0.027577368542551994,
            0.027300195768475533,
            0.03578883782029152,
            0.03930051997303963,
            0.047941625118255615,
            0.10796786099672318,
            0.17302167415618896,
            0.05891712009906769,
            0.05125044286251068,
            0.0409378744661808,
            0.047814492136240005,
            0.0357767753303051,
            0.034020960330963135,
            0.04543181136250496,
            0.07325218617916107,
            0.1041465625166893,
            0.20180337131023407,
            0.028553461655974388,
            0.049266379326581955,
            0.026273438706994057,
            0.02832217514514923,
            0.03196052834391594,
            0.0440681166946888,
            0.04841797426342964,
            0.06812316179275513,
            0.05676453188061714,
            0.035714734345674515,
            0.046061549335718155,
            0.08277394622564316,
            0.07126133143901825,
            0.06483285874128342,
            0.1684357076883316,
            0.2546481192111969,
            0.16329289972782135,
            0.0645889863371849,
            0.04448165372014046,
            0.060603559017181396,
            0.07956844568252563,
            0.01817033439874649,
            0.04100677743554115,
            0.08699768036603928,
            0.11481684446334839,
            0.03389749303460121,
            0.046861499547958374,
            0.022802092134952545,
            0.03498713672161102,
            0.10040264576673508,
            0.26064571738243103,
            0.28098270297050476,
            0.05150457099080086,
            0.033435795456171036,
            0.06601790338754654,
            0.07868122309446335,
            0.04154117405414581,
            0.026524730026721954,
            0.03903673589229584,
            0.05138912424445152,
            0.03171912953257561,
            0.0239024069160223,
            0.05208730325102806,
            0.0335700623691082,
            0.05870615318417549,
            0.0694374069571495,
            0.1162729263305664,
            0.06501499563455582,
            0.08829297870397568,
            0.05170147120952606
        ],
        "mae_per_batch": [
            0.22299908101558685,
            0.22833548486232758,
            0.30399850010871887,
            0.2836335599422455,
            0.2788231670856476,
            0.2632945477962494,
            0.292099267244339,
            0.3487851619720459,
            0.24291394650936127,
            0.2807343006134033,
            0.20417511463165283,
            0.230952188372612,
            0.1902359277009964,
            0.20490501821041107,
            0.19534622132778168,
            0.21143144369125366,
            0.40996837615966797,
            0.36635640263557434,
            0.31253868341445923,
            0.1548352688550949,
            0.12765060365200043,
            0.1329222172498703,
            0.15295162796974182,
            0.15667156875133514,
            0.1704859733581543,
            0.26545819640159607,
            0.3716218173503876,
            0.18610000610351562,
            0.18309171497821808,
            0.16449125111103058,
            0.17584438621997833,
            0.15172235667705536,
            0.14750513434410095,
            0.16114363074302673,
            0.2220315933227539,
            0.271585077047348,
            0.3854379653930664,
            0.13566040992736816,
            0.1890736222267151,
            0.1298982799053192,
            0.13874489068984985,
            0.13967707753181458,
            0.15505091845989227,
            0.1693670004606247,
            0.20653629302978516,
            0.18899500370025635,
            0.1505012810230255,
            0.17973540723323822,
            0.23044641315937042,
            0.22871236503124237,
            0.2022496908903122,
            0.28957825899124146,
            0.4224616289138794,
            0.3165135085582733,
            0.209711953997612,
            0.1741938591003418,
            0.20345592498779297,
            0.24336600303649902,
            0.10699937492609024,
            0.15532629191875458,
            0.23546099662780762,
            0.28983375430107117,
            0.14977073669433594,
            0.1785220354795456,
            0.12214193493127823,
            0.14395655691623688,
            0.23268812894821167,
            0.41556933522224426,
            0.4692314863204956,
            0.18177372217178345,
            0.15085315704345703,
            0.21303658187389374,
            0.24330854415893555,
            0.16326068341732025,
            0.13069556653499603,
            0.15188995003700256,
            0.18475574254989624,
            0.14498136937618256,
            0.1264672428369522,
            0.1841856986284256,
            0.14783316850662231,
            0.19941897690296173,
            0.20646755397319794,
            0.2761366069316864,
            0.21336090564727783,
            0.24677665531635284,
            0.17916172742843628
        ],
        "average_mse": 0.07868179681057903,
        "average_mae": 0.2161019661988335,
        "std_mse": 0.05775021835780331,
        "std_mae": 0.07690986462357345,
        "rmse": 0.2805027572245575,
        "correlation": 0.7136395769411201,
        "r_squared": 0.5092814457767009,
        "mape": 16.89310073852539
    },
    "summary": {
        "successful_batches": 87,
        "failed_batches": 0,
        "total_predictions": 267264
    }
}