{
    "dataset_info": {
        "dataset_name": "ETTh1",
        "features": "M",
        "input_len": 96,
        "pred_len": 10,
        "eval_batch_size": 256
    },
    "metrics": {
        "mse_per_batch": [
            2.922572612762451,
            2.2986202239990234,
            2.215186834335327,
            2.0626909732818604,
            2.2629618644714355,
            3.88927960395813,
            0.7075841426849365,
            3.525043487548828,
            0.41552186012268066,
            3.3985042572021484,
            3.3974452018737793,
            0.7140588760375977,
            0.6896228194236755,
            0.35220661759376526,
            0.5266407132148743,
            0.4578166604042053,
            0.3986362814903259,
            0.46190062165260315,
            0.47971591353416443,
            0.2767723500728607,
            0.1621922105550766,
            0.21786470711231232,
            1.9849669933319092,
            3.3846983909606934,
            1.4505282640457153,
            2.6814680099487305,
            2.8955347537994385,
            2.9120423793792725,
            1.844688057899475,
            2.773102283477783,
            1.3427869081497192,
            0.9893836975097656,
            4.936769962310791,
            1.2312098741531372,
            0.7422657012939453,
            0.39130693674087524,
            0.3900468945503235,
            0.35706958174705505,
            0.44514065980911255,
            0.31153354048728943,
            0.37331700325012207,
            0.3632201552391052,
            0.15865232050418854,
            0.18374094367027283,
            0.09616690129041672,
            0.3374689221382141,
            0.3616791367530823,
            0.4544542729854584,
            0.4118429720401764,
            1.0051982402801514,
            1.0080914497375488,
            0.9945865869522095,
            1.062213659286499,
            1.202081322669983,
            0.9802931547164917,
            1.2858350276947021,
            0.1951294243335724,
            0.1247054785490036,
            0.1347476691007614,
            0.0990658774971962,
            0.1844470500946045,
            0.17132924497127533,
            0.2987736463546753,
            0.2591549754142761,
            0.18640200793743134,
            0.10427381098270416,
            0.03862543776631355,
            0.036840058863162994,
            0.04025670886039734,
            0.033440105617046356,
            0.028546219691634178,
            0.02864944003522396,
            0.025498608127236366,
            0.019724275916814804,
            0.026194309815764427,
            0.019557949155569077,
            0.025482410565018654,
            0.018989866599440575
        ],
        "mae_per_batch": [
            1.1838810443878174,
            1.0301837921142578,
            1.013680100440979,
            0.9965158700942993,
            0.9992554783821106,
            1.3788681030273438,
            0.5173400640487671,
            1.214849591255188,
            0.4650649130344391,
            1.2060484886169434,
            1.35818350315094,
            0.6729134321212769,
            0.6427649259567261,
            0.46430689096450806,
            0.5647693872451782,
            0.5218861699104309,
            0.4925544261932373,
            0.5171271562576294,
            0.5158637762069702,
            0.41013631224632263,
            0.317151814699173,
            0.3627910912036896,
            0.8855025172233582,
            1.2765486240386963,
            0.8644382357597351,
            1.1171907186508179,
            1.1946660280227661,
            1.1096420288085938,
            0.8725870251655579,
            0.9778784513473511,
            0.7619107365608215,
            0.5253432989120483,
            1.6452791690826416,
            0.7940298914909363,
            0.6551831364631653,
            0.4970181882381439,
            0.4833064079284668,
            0.45969104766845703,
            0.5142577290534973,
            0.43057528138160706,
            0.4430619180202484,
            0.4619194567203522,
            0.3037470281124115,
            0.3340073227882385,
            0.23402614891529083,
            0.4593328535556793,
            0.4876280426979065,
            0.54621821641922,
            0.5265330076217651,
            0.7905555963516235,
            0.8009783029556274,
            0.7897895574569702,
            0.8350319862365723,
            0.882594108581543,
            0.8003705143928528,
            0.9429119229316711,
            0.29015082120895386,
            0.28125983476638794,
            0.2663764953613281,
            0.24743017554283142,
            0.3327207863330841,
            0.33426007628440857,
            0.38848447799682617,
            0.3897259831428528,
            0.3345968723297119,
            0.25610899925231934,
            0.14322607219219208,
            0.1502494066953659,
            0.15179146826267242,
            0.13377629220485687,
            0.1201779693365097,
            0.12562839686870575,
            0.11684651672840118,
            0.10823507606983185,
            0.11865085363388062,
            0.10258187353610992,
            0.11686261743307114,
            0.10278862714767456
        ],
        "average_mse": 0.9650776713895493,
        "average_mae": 0.5918182118389851,
        "std_mse": 1.139305553705257,
        "std_mae": 0.3668654030077754,
        "rmse": 0.9823836681203273,
        "correlation": 0.49584334546759595,
        "r_squared": 0.2458606232444977,
        "mape": 1081917.625
    },
    "summary": {
        "successful_batches": 78,
        "failed_batches": 0,
        "total_predictions": 199680
    }
}