{
    "dataset_info": {
        "dataset_name": "ETTh1",
        "features": "M",
        "input_len": 96,
        "pred_len": 96,
        "eval_batch_size": 256
    },
    "metrics": {
        "mse_per_batch": [
            2.233708143234253,
            1.3237515687942505,
            1.2996331453323364,
            1.0532866716384888,
            1.4318151473999023,
            1.7829135656356812,
            0.7310941815376282,
            1.8917063474655151,
            0.4446427822113037,
            2.1348607540130615,
            1.7749357223510742,
            0.8273797631263733,
            0.3974892795085907,
            0.62120121717453,
            0.58022540807724,
            0.7005586624145508,
            0.5319867730140686,
            0.5649657845497131,
            0.6451261639595032,
            0.3125380575656891,
            0.3598058521747589,
            0.6492390036582947,
            2.358635187149048,
            1.0128501653671265,
            1.5660825967788696,
            1.2256869077682495,
            1.6136711835861206,
            1.2943458557128906,
            1.3061872720718384,
            1.2429019212722778,
            0.4915708005428314,
            2.5021567344665527,
            1.372503399848938,
            0.6280794739723206,
            0.2768581807613373,
            0.4852328300476074,
            0.4506124258041382,
            0.4927687644958496,
            0.4180079400539398,
            0.6654340624809265,
            0.36728382110595703,
            0.27505263686180115,
            0.2061862200498581,
            0.1419173926115036,
            0.23224925994873047,
            0.20529736578464508,
            0.19113533198833466,
            0.5984104871749878,
            0.630256712436676,
            0.7106223106384277,
            0.9923035502433777,
            1.0078259706497192,
            1.173247218132019,
            0.7933862805366516,
            0.378940224647522,
            0.10771840065717697,
            0.08878127485513687,
            0.10296548157930374,
            0.18941235542297363,
            0.22510653734207153,
            0.2643565833568573,
            0.24293816089630127,
            0.2236553579568863,
            0.12847159802913666,
            0.05876126512885094,
            0.04973898455500603,
            0.05236456170678139,
            0.13844987750053406,
            0.06520839780569077,
            0.05160970613360405,
            0.046123385429382324,
            0.12164947390556335,
            0.07008600234985352,
            0.16208720207214355,
            0.07992684096097946,
            0.03489246591925621
        ],
        "mae_per_batch": [
            0.9946389198303223,
            0.7546021342277527,
            0.7767022252082825,
            0.760636568069458,
            0.8924698233604431,
            0.9907894134521484,
            0.6342983841896057,
            1.0263187885284424,
            0.5326924324035645,
            1.0958729982376099,
            0.9488136768341064,
            0.7221050262451172,
            0.48627111315727234,
            0.6189566254615784,
            0.6159995198249817,
            0.6834691166877747,
            0.5720144510269165,
            0.5695562362670898,
            0.6186121106147766,
            0.4526968002319336,
            0.4910663664340973,
            0.4688439667224884,
            1.0492324829101562,
            0.6783921718597412,
            0.8487197756767273,
            0.8067000508308411,
            0.9116315245628357,
            0.8311604857444763,
            0.7358233332633972,
            0.8496828675270081,
            0.500152587890625,
            1.2214173078536987,
            0.7927656769752502,
            0.6101937890052795,
            0.40466418862342834,
            0.5270195007324219,
            0.5230554938316345,
            0.5542130470275879,
            0.5097450017929077,
            0.5919936299324036,
            0.48507821559906006,
            0.42443570494651794,
            0.35703015327453613,
            0.2891060411930084,
            0.3965929448604584,
            0.3650554120540619,
            0.342702716588974,
            0.5468332767486572,
            0.6020222306251526,
            0.6574650406837463,
            0.7992415428161621,
            0.8009693026542664,
            0.8604303002357483,
            0.6967207789421082,
            0.42096176743507385,
            0.26411208510398865,
            0.23037517070770264,
            0.23526231944561005,
            0.3474363088607788,
            0.387225866317749,
            0.38502469658851624,
            0.40304622054100037,
            0.3911350667476654,
            0.29267242550849915,
            0.18961606919765472,
            0.1726008802652359,
            0.18790097534656525,
            0.29565003514289856,
            0.21902920305728912,
            0.1827189326286316,
            0.17257820069789886,
            0.25019973516464233,
            0.2159535437822342,
            0.29361674189567566,
            0.23450827598571777,
            0.14388634264469147
        ],
        "average_mse": 0.6855903735972548,
        "average_mae": 0.5551734754913732,
        "std_mse": 0.6202414724090561,
        "std_mae": 0.2589416026725562,
        "rmse": 0.8280038487816677,
        "correlation": 0.5896706542177754,
        "r_squared": 0.3477114804456193,
        "mape": 69488.5234375
    },
    "summary": {
        "successful_batches": 76,
        "failed_batches": 0,
        "total_predictions": 1867776
    }
}