{
    "dataset_info": {
        "dataset_name": "ETTm1",
        "features": "S",
        "input_len": 96,
        "pred_len": 96,
        "eval_batch_size": 256
    },
    "metrics": {
        "mse_per_batch": [
            0.16887567937374115,
            0.2356479912996292,
            0.2332048863172531,
            0.19618643820285797,
            0.1884070634841919,
            0.17676784098148346,
            0.1861514002084732,
            0.17932336032390594,
            0.14985717833042145,
            0.16282609105110168,
            0.16965001821517944,
            0.17258597910404205,
            0.25333404541015625,
            0.201715350151062,
            0.15150758624076843,
            0.15126997232437134,
            0.2566148340702057,
            0.17177899181842804,
            0.17122961580753326,
            0.1906343698501587,
            0.19101734459400177,
            0.18669748306274414,
            0.1781640648841858,
            0.1851063370704651,
            0.15516416728496552,
            0.18656761944293976,
            0.19173292815685272,
            0.15361660718917847,
            0.17848332226276398,
            0.18416862189769745,
            0.17824752628803253,
            0.22617881000041962,
            0.16771268844604492,
            0.20194917917251587,
            0.16843174397945404,
            0.18474918603897095,
            0.1892879456281662,
            0.17412620782852173,
            0.18558238446712494,
            0.19018208980560303,
            0.1512732058763504,
            0.1950041800737381,
            0.19153647124767303,
            0.18528108298778534,
            0.18475450575351715,
            0.1943163424730301,
            0.1766473650932312,
            0.19039951264858246,
            0.1653306484222412,
            0.19505758583545685,
            0.19814758002758026,
            0.18079717457294464,
            0.32086482644081116,
            0.1783788651227951,
            0.16269797086715698,
            0.19174039363861084,
            0.20324794948101044,
            0.2028849720954895,
            0.17670536041259766,
            0.1591031700372696,
            0.19332675635814667,
            0.17515937983989716,
            0.18821264803409576,
            0.15949706733226776,
            0.16559886932373047,
            0.15678541362285614,
            0.1633443385362625,
            0.17468072474002838,
            0.17532099783420563,
            0.1530097872018814,
            0.14961908757686615,
            0.1892828345298767,
            0.18171711266040802,
            0.1634165495634079,
            0.1987505704164505,
            0.15700101852416992,
            0.1586429625749588,
            0.19900554418563843,
            0.1596451997756958,
            0.1864827275276184,
            0.1404360979795456,
            0.1560927778482437,
            0.17256705462932587,
            0.21326346695423126,
            0.17567355930805206,
            0.1909051388502121,
            0.18552137911319733,
            0.16297030448913574,
            0.2444862276315689,
            0.1576387733221054,
            0.23420244455337524,
            0.19121600687503815,
            0.16609244048595428,
            0.17796702682971954,
            0.1738499402999878,
            0.17604301869869232,
            0.2053639441728592,
            0.1647716909646988,
            0.1474161297082901,
            0.1730395406484604,
            0.15562932193279266,
            0.18043406307697296,
            0.17274905741214752,
            0.19479195773601532,
            0.20403636991977692,
            0.1472923904657364,
            0.20905107259750366,
            0.21135061979293823,
            0.18928605318069458,
            0.1932789832353592,
            0.18591730296611786,
            0.1731797605752945,
            0.1874595433473587,
            0.1686253696680069,
            0.19136615097522736,
            0.1805310994386673,
            0.1680961698293686,
            0.21666179597377777,
            0.17891579866409302,
            0.1688322275876999,
            0.15286608040332794,
            0.16749848425388336,
            0.1888114959001541,
            0.17073923349380493,
            0.15492494404315948,
            0.21528460085391998,
            0.18458206951618195,
            0.15923862159252167,
            0.25220412015914917,
            0.20611828565597534,
            0.15060897171497345,
            0.2078249305486679,
            0.2470225691795349,
            0.1819000393152237,
            0.17435574531555176,
            0.19720067083835602,
            0.18687404692173004,
            0.1676051765680313,
            0.19146378338336945,
            0.17220236361026764,
            0.2402353286743164,
            0.15212877094745636,
            0.16445103287696838,
            0.171900674700737,
            0.15843069553375244,
            0.17603254318237305,
            0.14552831649780273,
            0.17437726259231567,
            0.18044094741344452,
            0.13792909681797028,
            0.22970904409885406,
            0.18355856835842133,
            0.1837983876466751,
            0.17170162498950958,
            0.15741051733493805,
            0.18184703588485718,
            0.16693030297756195,
            0.15546655654907227,
            0.21408255398273468,
            0.1717500239610672,
            0.16926054656505585,
            0.16541819274425507,
            0.18343667685985565,
            0.14884208142757416,
            0.1607387810945511,
            0.16209711134433746,
            0.15902511775493622,
            0.19781751930713654,
            0.1940603107213974,
            0.2641606628894806,
            0.18907345831394196,
            0.16083599627017975,
            0.16297604143619537,
            0.15581394731998444,
            0.18631760776042938,
            0.19661949574947357,
            0.15286551415920258,
            0.1594615876674652,
            0.20310835540294647
        ],