{
    "dataset_info": {
        "dataset_name": "ETTh2",
        "features": "M",
        "input_len": 96,
        "pred_len": 96,
        "eval_batch_size": 256
    },
    "metrics": {
        "mse_per_batch": [
            0.11540114134550095,
            0.17892032861709595,
            0.24268688261508942,
            0.9125382304191589,
            1.6904271841049194,
            0.2961854338645935,
            0.5468291640281677,
            0.7628059387207031,
            0.919017493724823,
            1.1674138307571411,
            0.5806572437286377,
            0.013211271725594997,
            0.02108270861208439,
            0.021934764459729195,
            0.3419013023376465,
            0.45960190892219543,
            0.12639398872852325,
            0.4396531581878662,
            0.6140201687812805,
            0.25097906589508057,
            0.6098339557647705,
            0.3944770097732544,
            0.043369729071855545,
            0.060481127351522446,
            0.1445455700159073,
            0.46224260330200195,
            0.5904879570007324,
            0.13128532469272614,
            0.2288750261068344,
            0.28830626606941223,
            0.43057653307914734,
            0.5430358648300171,
            0.1658545732498169,
            0.18857693672180176,
            0.24034202098846436,
            0.40651389956474304,
            1.45277738571167,
            0.8082027435302734,
            0.37292394042015076,
            0.6065658330917358,
            0.6820661425590515,
            0.6558264493942261,
            1.0172364711761475,
            0.6189336776733398,
            0.057435911148786545,
            0.07581140100955963,
            0.06637577712535858,
            0.06267314404249191,
            0.06945543736219406,
            0.1024012342095375,
            0.24213548004627228,
            1.0478531122207642,
            0.0942869782447815,
            0.5148881077766418,
            0.02250603400170803,
            0.010369340889155865,
            0.013798095285892487,
            0.015247594565153122,
            0.007381731644272804,
            0.015972862020134926,
            0.023987529799342155,
            0.011291921138763428,
            0.039268601685762405,
            0.014079753309488297,
            0.027317998930811882,
            0.26742735505104065,
            0.2522895932197571,
            0.21388471126556396,
            0.24511884152889252,
            0.3566262722015381,
            0.3417527973651886,
            0.26716509461402893,
            0.2690202593803406,
            0.2169996052980423,
            0.24061231315135956,
            0.38339388370513916
        ],
        "mae_per_batch": [
            0.260989248752594,
            0.30892837047576904,
            0.38346216082572937,
            0.7431620955467224,
            1.0616809129714966,
            0.42998751997947693,
            0.5567747950553894,
            0.7052627205848694,
            0.761268675327301,
            0.7903034090995789,
            0.512411892414093,
            0.016396941617131233,
            0.025399282574653625,
            0.024630004540085793,
            0.3367002010345459,
            0.4164748191833496,
            0.13393567502498627,
            0.38549718260765076,
            0.5838220119476318,
            0.2685610353946686,
            0.5304840207099915,
            0.401618629693985,
            0.16103260219097137,
            0.19173093140125275,
            0.27629387378692627,
            0.5433409810066223,
            0.5894798040390015,
            0.2867603302001953,
            0.378682017326355,
            0.4170779287815094,
            0.5295663475990295,
            0.5630095601081848,
            0.30409473180770874,
            0.3328298032283783,
            0.38101068139076233,
            0.47606220841407776,
            0.8846518993377686,
            0.6871277689933777,
            0.4419260025024414,
            0.5907585024833679,
            0.6489799618721008,
            0.6349443793296814,
            0.7635472416877747,
            0.48786044120788574,
            0.18778200447559357,
            0.21568334102630615,
            0.20600950717926025,
            0.1996745616197586,
            0.20823191106319427,
            0.2319440394639969,
            0.3328627943992615,
            0.77809739112854,
            0.23406027257442474,
            0.4939546585083008,
            0.1153220608830452,
            0.07387900352478027,
            0.09190072864294052,
            0.09887032955884933,
            0.06386986374855042,
            0.08748390525579453,
            0.11618378758430481,
            0.04526030644774437,
            0.13596324622631073,
            0.0813087671995163,
            0.0934901162981987,
            0.3675419092178345,
            0.38013601303100586,
            0.3519861400127411,
            0.39169833064079285,
            0.4725538492202759,
            0.4576045572757721,
            0.41261136531829834,
            0.3862372636795044,
            0.3639349937438965,
            0.3604399263858795,
            0.5026001930236816
        ],
        "average_mse": 0.34781351347306844,
        "average_mae": 0.3782591676633609,
        "std_mse": 0.3452700085106751,
        "std_mae": 0.22600828588014252,
        "rmse": 0.589757164834026,
        "correlation": 0.83271438274331,
        "r_squared": 0.6934132432275718,
        "mape": 286913.625
    },
    "summary": {
        "successful_batches": 76,
        "failed_batches": 0,
        "total_predictions": 1867776
    }
}