{
    "dataset_info": {
        "dataset_name": "ETTm1",
        "features": "S",
        "input_len": 96,
        "pred_len": 336,
        "eval_batch_size": 256
    },
    "metrics": {
        "mse_per_batch": [
            0.09388546645641327,
            0.13694500923156738,
            0.1426650881767273,
            0.17257148027420044,
            0.19425877928733826,
            0.09888636320829391,
            0.09152244031429291,
            0.07921092212200165,
            0.2033206820487976,
            0.10077575594186783,
            0.05801617354154587,
            0.08653527498245239,
            0.08094631135463715,
            0.25122302770614624,
            0.05410246551036835,
            0.042875997722148895,
            0.07282982021570206,
            0.1357336789369583,
            0.19821757078170776,
            0.17976786196231842,
            0.06872060149908066,
            0.04748765006661415,
            0.09464942663908005,
            0.05486719310283661,
            0.19982615113258362,
            0.0902835875749588,
            0.253095805644989,
            0.1621321737766266,
            0.2669548988342285,
            0.11288508772850037,
            0.1384044587612152,
            0.06582634896039963,
            0.1123470813035965,
            0.16236945986747742,
            0.1539652943611145,
            0.07398402690887451,
            0.0720977634191513,
            0.14287225902080536,
            0.14220120012760162,
            0.12804968655109406,
            0.20030507445335388,
            0.08606582880020142,
            0.15909810364246368
        ],
        "mae_per_batch": [
            0.23404499888420105,
            0.2952366769313812,
            0.29789555072784424,
            0.34013885259628296,
            0.32608774304389954,
            0.22254666686058044,
            0.22281114757061005,
            0.20581263303756714,
            0.35569003224372864,
            0.24893517792224884,
            0.15904343128204346,
            0.1861867904663086,
            0.21282359957695007,
            0.33905506134033203,
            0.19001495838165283,
            0.1689062863588333,
            0.1754458248615265,
            0.25695404410362244,
            0.29471293091773987,
            0.22908394038677216,
            0.15175361931324005,
            0.16191890835762024,
            0.20925576984882355,
            0.16902200877666473,
            0.2898200452327728,
            0.20913036167621613,
            0.4002150893211365,
            0.26337581872940063,
            0.30820029973983765,
            0.16667798161506653,
            0.2851685881614685,
            0.17789700627326965,
            0.16597266495227814,
            0.2843227982521057,
            0.3102045953273773,
            0.21648520231246948,
            0.1987462043762207,
            0.18840239942073822,
            0.20423100888729095,
            0.19137141108512878,
            0.2364952266216278,
            0.22822032868862152,
            0.260937362909317
        ],
        "average_mse": 0.12704137981284497,
        "average_mae": 0.23812211738076322,
        "std_mse": 0.058287178885513345,
        "std_mae": 0.061198267738427195,
        "rmse": 0.35642864617317865,
        "correlation": 0.6292002224290807,
        "r_squared": 0.39589291990480463,
        "mape": 18.603343963623047
    },
    "summary": {
        "successful_batches": 43,
        "failed_batches": 0,
        "total_predictions": 3698688
    }
}