{
    "dataset_info": {
        "dataset_name": "ETTm1",
        "features": "S",
        "input_len": 1024,
        "pred_len": 96,
        "eval_batch_size": 256
    },
    "metrics": {
        "mse_per_batch": [
            0.04875473305583,
            0.050602030009031296,
            0.06956188380718231,
            0.07059625536203384,
            0.0659540668129921,
            0.03582467883825302,
            0.04151562973856926,
            0.03986437991261482,
            0.025310909375548363,
            0.07747185975313187,
            0.014868780970573425,
            0.020065508782863617,
            0.06217845156788826,
            0.049817007035017014,
            0.020153285935521126,
            0.03088514693081379,
            0.03214601054787636,
            0.03448822721838951,
            0.06308563798666,
            0.025479307398200035,
            0.024239009246230125,
            0.020763184875249863,
            0.053129032254219055,
            0.03474031016230583,
            0.035394832491874695,
            0.028112513944506645,
            0.09393205493688583,
            0.05094077065587044,
            0.036709968000650406,
            0.019897887483239174,
            0.04793452098965645,
            0.04279373586177826,
            0.017432505264878273,
            0.026796266436576843,
            0.044547636061906815,
            0.032700784504413605,
            0.021017663180828094,
            0.02136094868183136,
            0.03107231855392456,
            0.03316563367843628,
            0.04488558694720268,
            0.025004686787724495,
            0.05173483118414879,
            0.03295871242880821
        ],
        "mae_per_batch": [
            0.17810869216918945,
            0.180502787232399,
            0.1965407133102417,
            0.20705725252628326,
            0.20648741722106934,
            0.14567320048809052,
            0.16189904510974884,
            0.15509508550167084,
            0.107575424015522,
            0.1887516975402832,
            0.09817899018526077,
            0.11421569436788559,
            0.187336727976799,
            0.16869647800922394,
            0.10813051462173462,
            0.14221970736980438,
            0.13150957226753235,
            0.14572717249393463,
            0.18481571972370148,
            0.1278674453496933,
            0.12466748803853989,
            0.10383111238479614,
            0.18161927163600922,
            0.14637170732021332,
            0.14811961352825165,
            0.11662543565034866,
            0.23367337882518768,
            0.17556332051753998,
            0.1428374946117401,
            0.11344838887453079,
            0.15825414657592773,
            0.16462232172489166,
            0.10669657588005066,
            0.12213953584432602,
            0.17529802024364471,
            0.13935934007167816,
            0.1160702332854271,
            0.1046074852347374,
            0.14146675169467926,
            0.14490501582622528,
            0.16703571379184723,
            0.12300129979848862,
            0.16554640233516693,
            0.14473526179790497
        ],
        "average_mse": 0.03977020876482129,
        "average_mae": 0.14992919665845958,
        "std_mse": 0.017685969078275757,
        "std_mae": 0.03220566631747423,
        "rmse": 0.19942469447092376,
        "correlation": 0.8584392542476288,
        "r_squared": 0.7369179532332251,
        "mape": 12.03125
    },
    "summary": {
        "successful_batches": 44,
        "failed_batches": 0,
        "total_predictions": 1081344
    }
}