{
    "dataset_info": {
        "dataset_name": "ETTm1",
        "features": "S",
        "input_len": 96,
        "pred_len": 96,
        "eval_batch_size": 256
    },
    "metrics": {
        "mse_per_batch": [
            0.04877658560872078,
            0.057891592383384705,
            0.07322338968515396,
            0.07276128232479095,
            0.06751055270433426,
            0.037394631654024124,
            0.04291169345378876,
            0.042637526988983154,
            0.024637751281261444,
            0.07503841072320938,
            0.016726931557059288,
            0.023007022216916084,
            0.06420505046844482,
            0.04754003509879112,
            0.021250268444418907,
            0.03176749870181084,
            0.034067947417497635,
            0.03563820943236351,
            0.06272495537996292,
            0.03021150827407837,
            0.027595212683081627,
            0.02238219976425171,
            0.05778741464018822,
            0.03283181041479111,
            0.03282030299305916,
            0.025123320519924164,
            0.09474890679121017,
            0.05546773970127106,
            0.049693603068590164,
            0.02486465871334076,
            0.049973681569099426,
            0.04715868830680847,
            0.019333956763148308,
            0.026330498978495598,
            0.03447267785668373,
            0.03782190755009651,
            0.020853182300925255,
            0.022767148911952972,
            0.03172330930829048,
            0.03501129895448685,
            0.04621066153049469,
            0.02555687166750431,
            0.0538114495575428,
            0.033150844275951385
        ],
        "mae_per_batch": [
            0.17810527980327606,
            0.19329744577407837,
            0.21032559871673584,
            0.21016912162303925,
            0.20800966024398804,
            0.14992836117744446,
            0.1654614359140396,
            0.15955588221549988,
            0.11043625324964523,
            0.18957072496414185,
            0.1016492024064064,
            0.12277773767709732,
            0.18846148252487183,
            0.1653812676668167,
            0.11170920729637146,
            0.14507822692394257,
            0.13684578239917755,
            0.14977262914180756,
            0.18399281799793243,
            0.1346881091594696,
            0.1329197734594345,
            0.11005342751741409,
            0.18864285945892334,
            0.1433572918176651,
            0.14083467423915863,
            0.0991000309586525,
            0.23314999043941498,
            0.1854259967803955,
            0.16768695414066315,
            0.12867815792560577,
            0.16748499870300293,
            0.17143113911151886,
            0.1092120036482811,
            0.12219633907079697,
            0.14917291700839996,
            0.15355755388736725,
            0.11612045019865036,
            0.11146792024374008,
            0.14279745519161224,
            0.1481204330921173,
            0.17189250886440277,
            0.1243191659450531,
            0.16798044741153717,
            0.14636828005313873
        ],
        "average_mse": 0.041304867968640545,
        "average_mae": 0.1533451590009711,
        "std_mse": 0.017842349427316908,
        "std_mae": 0.032516028498660865,
        "rmse": 0.2032359908299722,
        "correlation": 0.8568058872511418,
        "r_squared": 0.7341163284282164,
        "mape": 12.313090324401855
    },
    "summary": {
        "successful_batches": 44,
        "failed_batches": 0,
        "total_predictions": 1081344
    }
}