{
    "dataset_info": {
        "dataset_name": "ETTm1",
        "features": "M",
        "input_len": 96,
        "pred_len": 96,
        "eval_batch_size": 512
    },
    "metrics": {
        "mse_per_batch": [
            2.6167519092559814,
            2.39241099357605,
            2.6181814670562744,
            1.2364660501480103,
            0.8350844383239746,
            1.9702796936035156,
            1.653562068939209,
            1.5131679773330688,
            2.0506906509399414,
            1.1770981550216675,
            3.436333417892456,
            2.202116012573242,
            0.914313018321991,
            0.6603320837020874,
            3.8304221630096436,
            2.3337364196777344,
            0.571282684803009,
            0.21553336083889008,
            1.4116660356521606,
            4.949368953704834,
            3.3163249492645264,
            2.0527946949005127,
            0.7924812436103821,
            0.7457078099250793,
            0.795470654964447,
            0.39924073219299316,
            0.4244273006916046,
            0.5036173462867737,
            0.6437689661979675,
            0.6057806611061096,
            0.33415380120277405,
            0.674861490726471,
            0.5601263642311096,
            0.47401002049446106,
            0.4887745678424835,
            0.41592350602149963,
            0.6149725317955017,
            0.6058862805366516,
            0.3191593885421753,
            0.25249674916267395,
            0.14245060086250305,
            0.2700435221195221,
            0.2713474929332733,
            0.1558271050453186,
            1.287254810333252,
            2.2031302452087402,
            3.240603446960449,
            2.216912031173706,
            1.0285606384277344,
            0.8835854530334473,
            2.8958990573883057,
            1.1682755947113037,
            1.4266575574874878,
            2.478055953979492,
            1.3814829587936401,
            2.89400315284729,
            1.7287945747375488,
            1.0274238586425781,
            0.7229887843132019,
            4.02406644821167,
            1.2619775533676147,
            0.45732712745666504,
            0.16572731733322144,
            2.8534250259399414,
            4.310406684875488,
            3.200333833694458,
            1.0758423805236816,
            0.8206283450126648,
            0.5983046889305115,
            0.7345597147941589,
            0.4121086895465851,
            0.4102669656276703,
            0.524016797542572,
            0.5103287696838379,
            0.47769322991371155,
            0.38252532482147217,
            0.4644191265106201,
            0.4586728811264038,
            0.39062389731407166,
            0.38261476159095764,
            0.22028489410877228,
            0.9512927532196045,
            0.262702614068985,
            0.2550400495529175,
            0.10656341910362244,
            0.18466150760650635,
            0.26134130358695984,
            0.13630278408527374,
            0.048995137214660645,
            0.22340242564678192,
            0.26442384719848633,
            0.2665185332298279,
            0.21284444630146027,
            0.25613048672676086,
            0.40593835711479187,
            0.22857564687728882,
            0.3313983678817749,
            0.7154882550239563,
            1.000618815422058,
            0.8814623951911926,
            0.7175094485282898,
            0.8555045127868652,
            0.7967454791069031,
            1.259489893913269,
            1.1252785921096802,
            0.9072560667991638,
            0.9963264465332031,
            1.1665714979171753,
            0.9752994179725647,
            0.9104945063591003,
            1.0645884275436401,
            0.72580885887146,
            0.10680852085351944,
            0.1354948878288269,
            0.12792034447193146,
            0.09590909630060196,
            0.11924701929092407,
            0.15708817541599274,
            0.11463820189237595,
            0.1052151694893837,
            0.2420363873243332,
            0.20240014791488647,
            0.19788920879364014,
            0.28071820735931396,
            0.3599419593811035,
            0.20828460156917572,
            0.3226609230041504,
            0.15773284435272217,
            0.22250525653362274,
            0.11818274110555649,
            0.14026980102062225,
            0.10700327157974243,
            0.026628531515598297,
            0.018310166895389557,
            0.06068927049636841,
            0.06918714195489883,
            0.05825294926762581,
            0.03358294442296028,
            0.053014885634183884,
            0.015414956025779247,
            0.057343125343322754,
            0.027445964515209198,
            0.0416223406791687,
            0.03500005975365639,
            0.024778371676802635,
            0.04046832025051117,
            0.028689926490187645,
            0.07540930062532425,
            0.028132103383541107,
            0.04590122774243355,
            0.024493083357810974,
            0.035778533667325974,
            0.026046892628073692,
            0.027234315872192383,
            0.034780535846948624,
            0.04026367887854576
        ],