{
    "dataset_info": {
        "dataset_name": "ETTm2",
        "features": "S",
        "input_len": 96,
        "pred_len": 96,
        "eval_batch_size": 128
    },
    "metrics": {
        "mse_per_batch": [
            0.4663785398006439,
            0.27572861313819885,
            0.31914669275283813,
            0.34997400641441345,
            0.4610021412372589,
            0.23173022270202637,
            0.6645181179046631,
            0.41551676392555237,
            0.36079224944114685,
            0.26334360241889954,
            0.16774733364582062,
            0.31109878420829773,
            0.24887193739414215,
            0.20802812278270721,
            0.07548293471336365,
            0.036094993352890015,
            0.29261070489883423,
            0.0462699830532074,
            0.1504940688610077,
            0.18313555419445038,
            0.1176622286438942,
            0.14619700610637665,
            0.43152058124542236,
            0.35951852798461914,
            0.3754681348800659,
            0.30358001589775085,
            0.05571432411670685,
            0.04900559410452843,
            0.10451405495405197,
            0.16278332471847534,
            0.22416448593139648,
            0.4859287440776825,
            0.319210022687912,
            0.19616006314754486,
            0.38436850905418396,
            0.3730081617832184,
            0.3861900866031647,
            0.21213756501674652,
            0.05704541504383087,
            0.02157641015946865,
            0.3204881250858307,
            0.34121623635292053,
            0.4026099741458893,
            0.4122578203678131,
            0.36367425322532654,
            0.1847275048494339,
            0.6068284511566162,
            0.3492691218852997,
            0.10123948007822037,
            0.030860180035233498,
            0.0629776194691658,
            0.1482214480638504,
            0.1179155483841896,
            0.3177107572555542,
            0.027939608320593834,
            0.04526464268565178,
            0.016740044578909874,
            0.1548328846693039,
            0.2636408507823944,
            0.45862022042274475,
            0.4836939871311188,
            0.17437422275543213,
            0.33594653010368347,
            0.10174838453531265,
            0.22182965278625488,
            0.025996709242463112,
            0.042341720312833786,
            0.09989410638809204,
            0.05990689992904663,
            0.040155503898859024,
            0.03693922981619835,
            0.0414007306098938,
            0.02855232171714306,
            0.2741197645664215,
            0.10638073086738586,
            0.32998690009117126,
            0.3627749979496002,
            0.33902934193611145,
            0.32912102341651917,
            0.315202921628952,
            0.24103902280330658,
            0.1294379085302353,
            0.35126814246177673,
            0.416393905878067,
            0.5598952770233154,
            0.18106679618358612,
            0.053720567375421524,
            0.10445404797792435,
            0.027366677299141884
        ],
        "mae_per_batch": [
            0.5398661494255066,
            0.40897825360298157,
            0.4496646821498871,
            0.4489251673221588,
            0.5439637303352356,
            0.2447849065065384,
            0.6421627402305603,
            0.49638858437538147,
            0.467663437128067,
            0.41765525937080383,
            0.31850600242614746,
            0.4355018436908722,
            0.39110293984413147,
            0.3644428253173828,
            0.22319382429122925,
            0.13861213624477386,
            0.40431368350982666,
            0.12355723977088928,
            0.2940797209739685,
            0.34269261360168457,
            0.27266374230384827,
            0.2874918282032013,
            0.5067203640937805,
            0.48400235176086426,
            0.4933905303478241,
            0.42674824595451355,
            0.193243145942688,
            0.1715070754289627,
            0.2541108727455139,
            0.32969772815704346,
            0.3701852858066559,
            0.5555202960968018,
            0.4549720585346222,
            0.3443094491958618,
            0.510254442691803,
            0.4806598424911499,
            0.4584469795227051,
            0.3560671806335449,
            0.18817488849163055,
            0.0902707576751709,
            0.4457744359970093,
            0.47213950753211975,
            0.49751150608062744,
            0.5231911540031433,
            0.48354101181030273,
            0.3487977087497711,
            0.6401147246360779,
            0.4642449915409088,
            0.2309170961380005,
            0.13958115875720978,
            0.20874790847301483,
            0.248539999127388,
            0.26573994755744934,
            0.42492496967315674,
            0.127402663230896,
            0.17686407268047333,
            0.0943656787276268,
            0.30169054865837097,
            0.3932079076766968,
            0.5439677834510803,
            0.5606680512428284,
            0.31435269117355347,
            0.4448455572128296,
            0.2422623485326767,
            0.3797725439071655,
            0.13036340475082397,
            0.1714101880788803,
            0.2629225254058838,
            0.1974608451128006,
            0.1578497290611267,
            0.14324575662612915,
            0.14670135080814362,
            0.1257801651954651,
            0.4350012242794037,
            0.18144863843917847,
            0.4550381600856781,
            0.46821296215057373,
            0.48228946328163147,
            0.4587181806564331,
            0.45910143852233887,
            0.40045371651649475,
            0.2804928719997406,
            0.4856095314025879,
            0.5227043032646179,
            0.6071954965591431,
            0.3365742266178131,
            0.18155793845653534,
            0.23368509113788605,
            0.12679405510425568
        ],
        "average_mse": 0.23409878000031026,
        "average_mae": 0.35222775321663097,
        "std_mse": 0.1553113106159252,
        "std_mae": 0.1442453251067181,
        "rmse": 0.4838375553843565,
        "correlation": 0.6994700477531816,
        "r_squared": 0.4892583477038381,
        "mape": 281593.53125
    },
    "summary": {
        "successful_batches": 89,
        "failed_batches": 0,
        "total_predictions": 1093632
    }
}