{
    "dataset_info": {
        "dataset_name": "ETTh1",
        "features": "M",
        "input_len": 96,
        "pred_len": 96,
        "eval_batch_size": 256
    },
    "metrics": {
        "mse_per_batch": [
            1.6284867525100708,
            0.7370308041572571,
            0.7120943069458008,
            0.7884512543678284,
            1.0729384422302246,
            1.1976826190948486,
            0.7243254780769348,
            1.417677879333496,
            0.32881641387939453,
            1.6326059103012085,
            1.4343732595443726,
            0.4589133560657501,
            0.23788796365261078,
            0.30348530411720276,
            0.20833289623260498,
            0.2339365929365158,
            0.3704811632633209,
            0.38836705684661865,
            0.36986979842185974,
            0.1874004453420639,
            0.29001572728157043,
            0.3020111918449402,
            1.6975816488265991,
            0.6031387448310852,
            0.8666107058525085,
            0.9220167994499207,
            1.2095698118209839,
            0.8004286885261536,
            1.1996957063674927,
            0.7600447535514832,
            0.4345299005508423,
            1.9269146919250488,
            1.1080268621444702,
            0.5075838565826416,
            0.154487743973732,
            0.21058739721775055,
            0.17903655767440796,
            0.18584097921848297,
            0.2145320177078247,
            0.3932403326034546,
            0.2016025185585022,
            0.17101652920246124,
            0.1603836566209793,
            0.08085262030363083,
            0.15111811459064484,
            0.1431928426027298,
            0.19075463712215424,
            0.6627076268196106,
            0.7964685559272766,
            0.8554336428642273,
            0.9635739326477051,
            0.9043791890144348,
            0.7789404988288879,
            0.2756519019603729,
            0.28488051891326904,
            0.10166224837303162,
            0.09343287348747253,
            0.11393874883651733,
            0.1780245304107666,
            0.16056741774082184,
            0.24633826315402985,
            0.2668195068836212,
            0.241668239235878,
            0.1615573763847351,
            0.06589944660663605,
            0.06112958863377571,
            0.0949547290802002,
            0.10765403509140015,
            0.06665898114442825,
            0.06557795405387878,
            0.047044724225997925,
            0.1035722866654396,
            0.08391854166984558,
            0.10501060634851456,
            0.05738687887787819,
            0.054048556834459305
        ],
        "mae_per_batch": [
            0.7720968723297119,
            0.5182435512542725,
            0.5084958672523499,
            0.5776588320732117,
            0.6329520344734192,
            0.707500159740448,
            0.5292243361473083,
            0.7661681175231934,
            0.4235874116420746,
            0.8662045001983643,
            0.7835965156555176,
            0.5081268548965454,
            0.3560413122177124,
            0.4175396263599396,
            0.34923747181892395,
            0.3655925691127777,
            0.4671415388584137,
            0.4510791003704071,
            0.4486112594604492,
            0.3416276276111603,
            0.44304361939430237,
            0.32629522681236267,
            0.7821078300476074,
            0.47393345832824707,
            0.5673155188560486,
            0.6272097229957581,
            0.6742439270019531,
            0.5769116282463074,
            0.6190701127052307,
            0.53858882188797,
            0.43456053733825684,
            0.9169631004333496,
            0.6853238940238953,
            0.5353869795799255,
            0.29341253638267517,
            0.33940792083740234,
            0.32143715023994446,
            0.3366624414920807,
            0.348420113325119,
            0.4123934805393219,
            0.3421729505062103,
            0.33169126510620117,
            0.3248659372329712,
            0.21366770565509796,
            0.2959958612918854,
            0.29359808564186096,
            0.3342968225479126,
            0.5539806485176086,
            0.6618726849555969,
            0.6835971474647522,
            0.7258496284484863,
            0.7229953408241272,
            0.673121988773346,
            0.3781188726425171,
            0.3675312101840973,
            0.2534480392932892,
            0.2311873883008957,
            0.24156315624713898,
            0.33277976512908936,
            0.3197381794452667,
            0.369700163602829,
            0.4128415584564209,
            0.40871790051460266,
            0.3185591697692871,
            0.1991245001554489,
            0.1874319463968277,
            0.24210183322429657,
            0.2555898129940033,
            0.2068421095609665,
            0.19705511629581451,
            0.16853909194469452,
            0.24137051403522491,
            0.2330014556646347,
            0.23602087795734406,
            0.1926490068435669,
            0.1844491809606552
        ],
        "average_mse": 0.4933799228287841,
        "average_mae": 0.4392036907374859,
        "std_mse": 0.4650345325801383,
        "std_mae": 0.1864943053231703,
        "rmse": 0.7024100816679556,
        "correlation": 0.7265709957646083,
        "r_squared": 0.5279054118863744,
        "mape": 183284.453125
    },
    "summary": {
        "successful_batches": 76,
        "failed_batches": 0,
        "total_predictions": 1867776
    }
}