{
    "dataset_info": {
        "dataset_name": "ETTh1",
        "features": "M",
        "input_len": 512,
        "pred_len": 96,
        "eval_batch_size": 256
    },
    "metrics": {
        "mse_per_batch": [
            1.7132692337036133,
            0.9570927023887634,
            0.6011003851890564,
            0.6028791666030884,
            1.003318190574646,
            1.2533377408981323,
            0.7257711291313171,
            1.6891260147094727,
            0.2532445192337036,
            1.8041952848434448,
            1.4113105535507202,
            0.3540308177471161,
            0.3310178518295288,
            0.2170550674200058,
            0.22087068855762482,
            0.1668728142976761,
            0.24688784778118134,
            0.332007497549057,
            0.38577309250831604,
            0.22979885339736938,
            0.23023951053619385,
            0.3714736998081207,
            1.7130063772201538,
            0.7929133772850037,
            0.6553385257720947,
            0.803301990032196,
            1.0100926160812378,
            0.9579198956489563,
            1.2504119873046875,
            0.9170007705688477,
            0.3652498424053192,
            2.131088972091675,
            1.0159581899642944,
            0.4269043207168579,
            0.1960017830133438,
            0.15401962399482727,
            0.16141264140605927,
            0.1471242606639862,
            0.17369306087493896,
            0.3776512145996094,
            0.17365767061710358,
            0.16197484731674194,
            0.16864806413650513,
            0.08397243171930313,
            0.13368304073810577,
            0.1325889676809311,
            0.17528791725635529,
            0.6291473507881165,
            0.6591375470161438,
            0.8200808167457581,
            0.8180766105651855,
            0.7858210206031799,
            0.5886824727058411,
            0.20207594335079193,
            0.24670946598052979,
            0.0990615114569664,
            0.07949643582105637,
            0.11327707767486572,
            0.14240817725658417,
            0.1754484921693802,
            0.23137181997299194,
            0.26219385862350464,
            0.258799284696579,
            0.139535054564476,
            0.07108984142541885,
            0.0784195140004158,
            0.10094399005174637,
            0.10631834715604782,
            0.06665188819169998,
            0.061830099672079086,
            0.04111991450190544,
            0.10744175314903259,
            0.0735611543059349,
            0.09511786699295044,
            0.0529089979827404,
            0.05406688526272774
        ],
        "mae_per_batch": [
            0.8019399046897888,
            0.5906712412834167,
            0.492440789937973,
            0.4899930953979492,
            0.609931468963623,
            0.7108016014099121,
            0.5156380534172058,
            0.8620076179504395,
            0.3640243113040924,
            0.9203446507453918,
            0.787040650844574,
            0.4384584426879883,
            0.4213825762271881,
            0.3524278402328491,
            0.35446086525917053,
            0.32027870416641235,
            0.3933134973049164,
            0.40741977095603943,
            0.44316136837005615,
            0.3772641718387604,
            0.38393011689186096,
            0.3936222791671753,
            0.8038888573646545,
            0.5627224445343018,
            0.5013540387153625,
            0.5615702867507935,
            0.6116694808006287,
            0.6280732750892639,
            0.5835118889808655,
            0.5653603076934814,
            0.3746490180492401,
            1.0255473852157593,
            0.64425128698349,
            0.478527694940567,
            0.3277730643749237,
            0.2909618318080902,
            0.3040231466293335,
            0.3005297780036926,
            0.3215991258621216,
            0.38916847109794617,
            0.31439945101737976,
            0.3280121088027954,
            0.33046600222587585,
            0.22702986001968384,
            0.27807503938674927,
            0.28183481097221375,
            0.31210094690322876,
            0.5306376218795776,
            0.5879066586494446,
            0.659435510635376,
            0.6386470198631287,
            0.6403087973594666,
            0.5680202841758728,
            0.36759528517723083,
            0.3663088381290436,
            0.24734671413898468,
            0.21315979957580566,
            0.23513905704021454,
            0.2990592420101166,
            0.33424434065818787,
            0.3578747510910034,
            0.410495400428772,
            0.4251742362976074,
            0.2963922321796417,
            0.21169763803482056,
            0.21260571479797363,
            0.25123491883277893,
            0.24923203885555267,
            0.20404396951198578,
            0.19586600363254547,
            0.15784287452697754,
            0.24568398296833038,
            0.21808834373950958,
            0.22154049575328827,
            0.18666036427021027,
            0.18159325420856476
        ],
        "average_mse": 0.4807943190006833,
        "average_mae": 0.4275195790748847,
        "std_mse": 0.48814656169128684,
        "std_mae": 0.19000406040460457,
        "rmse": 0.6933933364265071,
        "correlation": 0.7337001143974105,
        "r_squared": 0.5383158578667732,
        "mape": 201958.734375
    },
    "summary": {
        "successful_batches": 76,
        "failed_batches": 0,
        "total_predictions": 1867776
    }
}