{
    "dataset_info": {
        "dataset_name": "ETTm1",
        "features": "S",
        "input_len": 96,
        "pred_len": 192,
        "eval_batch_size": 128
    },
    "metrics": {
        "mse_per_batch": [
            0.05327768623828888,
            0.04739336669445038,
            0.06371009349822998,
            0.13282401859760284,
            0.0715172290802002,
            0.10870222002267838,
            0.0603533573448658,
            0.18365561962127686,
            0.11745333671569824,
            0.1324736326932907,
            0.03824032470583916,
            0.060122791677713394,
            0.05231904610991478,
            0.05382368341088295,
            0.05142386630177498,
            0.02293119765818119,
            0.06961081176996231,
            0.10266047716140747,
            0.21077950298786163,
            0.02307007648050785,
            0.02201795019209385,
            0.01775706186890602,
            0.024144230410456657,
            0.021850893273949623,
            0.05212604999542236,
            0.07367461174726486,
            0.12498634308576584,
            0.06407388299703598,
            0.03533429279923439,
            0.03552708402276039,
            0.04999325051903725,
            0.035086359828710556,
            0.034620702266693115,
            0.051677387207746506,
            0.04127146676182747,
            0.04847860708832741,
            0.14379256963729858,
            0.048567187041044235,
            0.058576688170433044,
            0.01570773497223854,
            0.02432108484208584,
            0.01788329891860485,
            0.017138713970780373,
            0.03997684642672539,
            0.062126386910676956,
            0.05862294137477875,
            0.03217599168419838,
            0.03658868744969368,
            0.08829722553491592,
            0.06272775679826736,
            0.04798977077007294,
            0.011471143923699856,
            0.1990032196044922,
            0.2154194861650467,
            0.13535358011722565,
            0.03476708009839058,
            0.038123536854982376,
            0.07213111966848373,
            0.017589712515473366,
            0.020788470283150673,
            0.0490693561732769,
            0.11275938898324966,
            0.03322015330195427,
            0.0395820327103138,
            0.019201533868908882,
            0.020896093919873238,
            0.019207393750548363,
            0.061122823506593704,
            0.20005656778812408,
            0.055538639426231384,
            0.03231499716639519,
            0.04905545711517334,
            0.04728233814239502,
            0.019607553258538246,
            0.03802555799484253,
            0.04526838660240173,
            0.042910266667604446,
            0.03187635913491249,
            0.024837277829647064,
            0.033362358808517456,
            0.03920632228255272,
            0.05253731086850166,
            0.019796377047896385,
            0.09157603979110718,
            0.06560813635587692,
            0.08788377046585083,
            0.03499218448996544,
            0.0273274015635252
        ],
        "mae_per_batch": [
            0.18393774330615997,
            0.17206324636936188,
            0.20445537567138672,
            0.2854089140892029,
            0.2187744528055191,
            0.25231313705444336,
            0.1976931095123291,
            0.35680511593818665,
            0.2603031098842621,
            0.30892327427864075,
            0.14824600517749786,
            0.19257491827011108,
            0.18058066070079803,
            0.18685001134872437,
            0.18840821087360382,
            0.1147201657295227,
            0.21349841356277466,
            0.23166203498840332,
            0.3688780963420868,
            0.12309316545724869,
            0.12030842155218124,
            0.10634205490350723,
            0.12506787478923798,
            0.11971646547317505,
            0.17214162647724152,
            0.21977092325687408,
            0.29361361265182495,
            0.19642998278141022,
            0.14096444845199585,
            0.15120118856430054,
            0.18107517063617706,
            0.1532556265592575,
            0.1505521982908249,
            0.18402385711669922,
            0.16441725194454193,
            0.17381827533245087,
            0.32991930842399597,
            0.16852955520153046,
            0.20281703770160675,
            0.09759839624166489,
            0.1224125549197197,
            0.10974917560815811,
            0.09397465735673904,
            0.14737074077129364,
            0.19493816792964935,
            0.1992737501859665,
            0.13562935590744019,
            0.15618591010570526,
            0.25393030047416687,
            0.2119186967611313,
            0.17035461962223053,
            0.07683198153972626,
            0.3367137014865875,
            0.3807837665081024,
            0.30300500988960266,
            0.15480351448059082,
            0.1483934074640274,
            0.2222151905298233,
            0.1055958941578865,
            0.11558306217193604,
            0.1594080775976181,
            0.2845732271671295,
            0.14461016654968262,
            0.15358087420463562,
            0.1136384904384613,
            0.1159045621752739,
            0.10279297083616257,
            0.1934787482023239,
            0.3906611502170563,
            0.1930900663137436,
            0.14833973348140717,
            0.17317207157611847,
            0.18381153047084808,
            0.10974153131246567,
            0.15659266710281372,
            0.16890330612659454,
            0.17049036920070648,
            0.1467626541852951,
            0.1282387375831604,
            0.14628566801548004,
            0.15959136188030243,
            0.1923406571149826,
            0.1114288792014122,
            0.2469901591539383,
            0.21959467232227325,
            0.23778195679187775,
            0.15211455523967743,
            0.13357208669185638
        ],
        "average_mse": 0.060025282108902255,
        "average_mae": 0.1854307593947107,
        "std_mse": 0.04607487746955415,
        "std_mae": 0.06870548363925139,
        "rmse": 0.2450005757317771,
        "correlation": 0.7861024268290904,
        "r_squared": 0.6179570254665854,
        "mape": 14.648787498474121
    },
    "summary": {
        "successful_batches": 88,
        "failed_batches": 0,
        "total_predictions": 2162688
    }
}