{
    "dataset_info": {
        "dataset_name": "ETTm1",
        "features": "S",
        "input_len": 96,
        "pred_len": 720,
        "eval_batch_size": 256
    },
    "metrics": {
        "mse_per_batch": [
            0.07907833904027939,
            0.11336279660463333,
            0.1073376014828682,
            0.1269078254699707,
            0.0855390876531601,
            0.06190842017531395,
            0.07395017147064209,
            0.22042350471019745,
            0.2425195872783661,
            0.1194654181599617,
            0.0716765895485878,
            0.06703409552574158,
            0.09881541132926941,
            0.1068510040640831,
            0.04936971515417099,
            0.05174555629491806,
            0.0725426897406578,
            0.08430969715118408,
            0.1054811179637909,
            0.10845335572957993,
            0.059828754514455795,
            0.042791593819856644,
            0.06866297870874405,
            0.041094645857810974,
            0.20335514843463898,
            0.20814865827560425,
            0.1879553496837616,
            0.1349438726902008,
            0.1475091427564621,
            0.07180234789848328,
            0.11330106854438782,
            0.04670943319797516,
            0.19772478938102722,
            0.3405117392539978,
            0.16292808949947357,
            0.1803736388683319,
            0.08795343339443207,
            0.03640145808458328,
            0.057044822722673416,
            0.04826556146144867,
            0.06224701553583145,
            0.06874732673168182
        ],
        "mae_per_batch": [
            0.2262755036354065,
            0.2717670500278473,
            0.2664126455783844,
            0.2869705259799957,
            0.23887312412261963,
            0.19657625257968903,
            0.21805216372013092,
            0.374612033367157,
            0.41541579365730286,
            0.2904849052429199,
            0.220891535282135,
            0.2123231440782547,
            0.25695088505744934,
            0.2692936956882477,
            0.18007875978946686,
            0.18292275071144104,
            0.2155226767063141,
            0.23779842257499695,
            0.2661808133125305,
            0.2705061435699463,
            0.19182556867599487,
            0.1577007919549942,
            0.20869265496730804,
            0.1616848260164261,
            0.33987653255462646,
            0.3599961996078491,
            0.36008211970329285,
            0.2957020699977875,
            0.32013118267059326,
            0.21363241970539093,
            0.2887635827064514,
            0.17062987387180328,
            0.32687246799468994,
            0.498428612947464,
            0.3285946846008301,
            0.3599925637245178,
            0.2466483861207962,
            0.15409988164901733,
            0.19092437624931335,
            0.1744190901517868,
            0.19953270256519318,
            0.2009417712688446
        ],
        "average_mse": 0.10988268699674379,
        "average_mae": 0.2582638377235049,
        "std_mse": 0.06517862299218116,
        "std_mae": 0.07583352157926396,
        "rmse": 0.33148557585020766,
        "correlation": 0.6170729199183443,
        "r_squared": 0.3807789884965514,
        "mape": 19.12688636779785
    },
    "summary": {
        "successful_batches": 42,
        "failed_batches": 0,
        "total_predictions": 7741440
    }
}