{
    "dataset_info": {
        "dataset_name": "ETTh1",
        "features": "M",
        "input_len": 1024,
        "pred_len": 96,
        "eval_batch_size": 128
    },
    "metrics": {
        "mse_per_batch": [
            1.3981351852416992,
            2.3264505863189697,
            1.943961501121521,
            0.7036425471305847,
            0.6814156174659729,
            1.7795788049697876,
            0.7190352082252502,
            1.127339243888855,
            1.5114994049072266,
            1.0804132223129272,
            1.9751558303833008,
            1.2300925254821777,
            0.6680185794830322,
            0.8549375534057617,
            2.6237330436706543,
            0.9180799126625061,
            0.3381698429584503,
            0.3608165681362152,
            1.5068401098251343,
            1.9081007242202759,
            2.096850633621216,
            1.1209913492202759,
            0.5673461556434631,
            0.652091920375824,
            0.3875143229961395,
            0.37845054268836975,
            0.4852461814880371,
            0.6320272088050842,
            0.6154996752738953,
            0.39808300137519836,
            0.748694121837616,
            0.413448691368103,
            0.5239599347114563,
            0.651430070400238,
            0.49881014227867126,
            0.5592560172080994,
            0.7747340202331543,
            0.3238866627216339,
            0.2976170778274536,
            0.2720177471637726,
            0.3785993754863739,
            0.26680120825767517,
            0.2534943222999573,
            0.8810452818870544,
            1.7728010416030884,
            2.46394944190979,
            1.3905082941055298,
            0.7234220504760742,
            1.4490848779678345,
            1.3833945989608765,
            1.0733786821365356,
            1.6369361877441406,
            0.9832493662834167,
            2.2069153785705566,
            1.616376280784607,
            0.7323498725891113,
            0.730688750743866,
            2.016448736190796,
            1.6866412162780762,
            0.5163254737854004,
            0.40127798914909363,
            0.6667420268058777,
            2.5056653022766113,
            1.967328429222107,
            2.0534374713897705,
            0.7891145348548889,
            0.5404371619224548,
            0.5429292321205139,
            0.2930320203304291,
            0.3062135875225067,
            0.42801347374916077,
            0.3831578493118286,
            0.4367067813873291,
            0.3391807973384857,
            0.41958096623420715,
            0.4456848204135895,
            0.42210736870765686,
            0.439848929643631,
            0.24944782257080078,
            0.7960710525512695,
            0.3179563581943512,
            0.31797441840171814,
            0.2383720874786377,
            0.2939772307872772,
            0.21666616201400757,
            0.2575148344039917,
            0.10041879862546921,
            0.18434278666973114,
            0.2411603182554245,
            0.1737554520368576,
            0.10106691718101501,
            0.24659539759159088,
            0.19303707778453827,
            0.20621182024478912,
            0.28817635774612427,
            1.0912659168243408,
            1.0342614650726318,
            0.7079741358757019,
            0.7485913634300232,
            0.8736989498138428,
            0.8143951892852783,
            1.2224078178405762,
            1.0312607288360596,
            1.1618705987930298,
            1.4167741537094116,
            0.9369130730628967,
            0.92479008436203,
            0.579880952835083,
            0.6792383193969727,
            0.17394615709781647,
            0.1729869395494461,
            0.18316133320331573,
            0.15445466339588165,
            0.14610688388347626,
            0.11912468820810318,
            0.08130232244729996,
            0.10657066851854324,
            0.1976528763771057,
            0.2163107544183731,
            0.19096551835536957,
            0.28402745723724365,
            0.2583716809749603,
            0.2299620360136032,
            0.3193693459033966,
            0.24217693507671356,
            0.22730828821659088,
            0.15893398225307465,
            0.14638163149356842,
            0.08552884310483932,
            0.07173182815313339,
            0.050823669880628586,
            0.09738563746213913,
            0.12232426553964615,
            0.06500999629497528,
            0.1311594694852829,
            0.06256400793790817,
            0.053426533937454224,
            0.07451794296503067,
            0.039329927414655685,
            0.10754304379224777,
            0.02993430756032467,
            0.04216395691037178,
            0.046730514615774155,
            0.18897061049938202,
            0.05982391536235809,
            0.05763062462210655,
            0.031451497226953506,
            0.16568239033222198,
            0.04951660707592964,
            0.03217360004782677,
            0.035456541925668716,
            0.07682699710130692
        ],