{
    "dataset_info": {
        "dataset_name": "ETTh2",
        "features": "S",
        "input_len": 96,
        "pred_len": 96,
        "eval_batch_size": 256
    },
    "metrics": {
        "mse_per_batch": [
            0.2644058167934418,
            0.11754713207483292,
            0.2754286229610443,
            0.15562628209590912,
            0.15038073062896729,
            0.2897168695926666,
            0.13698284327983856,
            0.32069700956344604,
            0.17952735722064972,
            0.2888919413089752
        ],
        "mae_per_batch": [
            0.4183370769023895,
            0.251814067363739,
            0.41493603587150574,
            0.3230377733707428,
            0.2919992208480835,
            0.42845067381858826,
            0.3088248372077942,
            0.4477011263370514,
            0.3352348506450653,
            0.41964438557624817
        ],
        "average_mse": 0.21792046055197717,
        "average_mae": 0.3639980047941208,
        "std_mse": 0.07263930387711652,
        "std_mae": 0.06566772059821005,
        "rmse": 0.46681951603588423,
        "correlation": 0.6968499334089042,
        "r_squared": 0.4855998296919942,
        "mape": 712511.0
    },
    "summary": {
        "successful_batches": 10,
        "failed_batches": 0,
        "total_predictions": 245760
    }
}